pH,temperature_C,ascorbic_conc_M,ascorbic_g_per_L,ascorbic_percent_wv
3.3082294049517733,24.775058736277327,0.003581417572953137,0.6307592629485065,0.06307592629485065
3.9405463980949813,27.614325631840074,0.00028073648061472295,0.049443308965865004,0.004944330896586501
3.2636577759562373,29.03327871964053,0.006813545112157039,1.2000015651530977,0.12000015651530978
3.5282504329255504,27.206959467183516,0.0020013106012173243,0.35247082308639516,0.035247082308639516
4.771435782711292,29.632112235493796,2.04543295134201e-05,0.0036024165139035484,0.0003602416513903548
2.9781801016278506,27.820051707381772,0.016578825499441754,2.9198627469616816,0.29198627469616817
3.3259400189025463,28.668014382619265,0.00324908457659428,0.5722287756297846,0.05722287756297846
3.2592232296926893,21.14104071183637,0.003926559722578285,0.6915456983404876,0.06915456983404876
4.687974457278621,27.324135029937878,2.6471282804910774e-05,0.004662122327600886,0.0004662122327600886
3.9130162083598403,24.400886995273687,0.000306389300457614,0.053961283596594974,0.0053961283596594975
4.106432275849252,25.531038024112753,0.00016735299150812038,0.029474208864410163,0.002947420886441016
3.0245226980865905,26.54102409482357,0.011437325029485388,2.0143416841929667,0.20143416841929668
3.5485681543341703,29.698151167055695,0.0013327690420679703,0.23472728368901094,0.023472728368901095
3.2566742068912595,29.845780814316246,0.005189354310702276,0.9139490812008848,0.09139490812008848
3.9681049258668146,22.882282454879054,0.00029058076055012155,0.05117708354808741,0.005117708354808741
4.450147753726855,27.33753497437916,5.621960396035831e-05,0.009901396649498306,0.0009901396649498306
3.6986952632184913,27.499835379352685,0.0006762850658243474,0.11910732579298407,0.011910732579298406
4.894259661616391,23.46492861313049,1.6240408356339466e-05,0.002860260719718507,0.00028602607197185067
3.219720661727866,21.23869774864221,0.005384964785035169,0.948399997940394,0.0948399997940394
3.612849459951054,20.409469602857197,0.001214765689868943,0.21394453329971824,0.021394453329971825
3.3654970772794606,27.773431275291784,0.0031746038768649086,0.5591112347934477,0.05591112347934477
4.102898483360787,24.896997418169057,0.00014788893955696773,0.026046200034773155,0.0026046200034773154
2.9879885474426624,29.85540169494926,0.0159699472084983,2.8126271023607208,0.2812627102360721
3.14127665139828,24.64973456193653,0.008857266261601254,1.559941733993213,0.15599417339932128
3.3483713088306057,29.7791697907384,0.003703953623655375,0.6523403121981847,0.06523403121981847
4.514289293417826,24.1157600219406,4.388415455372393e-05,0.00772887730000186,0.0007728877300001859
3.955967611303478,27.936821505599724,0.0003468800413553158,0.06109251288349822,0.006109251288349822
4.955875536803075,20.84819272311832,1.3949300404373313e-05,0.002456750787218228,0.0002456750787218228
4.614453942162825,25.554617101377637,3.229648987256267e-05,0.005688057796355738,0.0005688057796355738
3.5225498135380877,28.02059786985724,0.0017949879841160604,0.3161332837625206,0.03161332837625206
3.447458303811615,29.24701667219889,0.0028688980446577297,0.5052703236251194,0.05052703236251194
3.061721790320787,28.225830906174316,0.015587702808156708,2.7453062185725594,0.27453062185725596
4.170632819632633,20.36970727201174,0.0001189114519023574,0.020942684909043184,0.0020942684909043183
4.081909191699042,23.727023413067343,0.00016692332612854453,0.029398536197759263,0.0029398536197759264
3.9488813180938,20.486984723138512,0.00035443302162141763,0.06242274376796408,0.006242274376796407
4.499824201716586,21.09282291114558,4.2194465030182936e-05,0.007431289181115819,0.0007431289181115819
4.646963613573756,26.75305628667484,2.6837432652907903e-05,0.00472660863883014,0.000472660863883014
3.8774612439270038,27.132581963116984,0.0003713866227798402,0.06540861200398546,0.006540861200398545
4.451035264685026,27.737206827516264,5.607907633635984e-05,0.009876646924359694,0.0009876646924359693
3.5209745007993924,28.654565480556627,0.001623252881401323,0.285887297472401,0.0285887297472401
3.9503844606276095,27.3943146847651,0.000277077545824063,0.04879889737053398,0.004879889737053398
3.2147116541575484,28.00871592106632,0.005595489008764538,0.9854775242236105,0.09854775242236105
3.4476128199997134,20.48963709823279,0.002045854937665656,0.3603159716216753,0.03603159716216753
4.211305557015171,22.345351504412985,0.00010735194479731571,0.018906824517703244,0.0018906824517703244
3.3041152804314193,26.218977733752457,0.005577728162995786,0.9823494840668178,0.09823494840668177
3.292587167160207,28.581253046248232,0.004526081602339901,0.7971334918041034,0.07971334918041034
4.099958446053432,20.04500124939659,0.0001899672127992104,0.03345702551819693,0.003345702551819693
4.277897948802866,25.1462934211635,8.94298995557963e-05,0.015750393909766843,0.0015750393909766843
3.4954689414047735,26.772873993643973,0.0017874551896116826,0.3148066079944095,0.03148066079944095
4.639045321544799,20.296072891286133,2.8918994982302715e-05,0.005093213396283154,0.0005093213396283154
4.425721540786166,24.01355557553388,4.567694697423258e-05,0.008044623901101841,0.0008044623901101841
4.99027525756236,28.956348813836968,1.0575368033041484e-05,0.0018625338179792663,0.00018625338179792663
3.260636706224768,26.716128088558587,0.003952304945165685,0.6960799469425804,0.06960799469425803
3.4655811891089288,22.376583633605975,0.0015631758135764783,0.27530652428708935,0.027530652428708936
3.424311525689313,28.52781129631913,0.0021234681406855256,0.3739852089375348,0.03739852089375348
3.365601200499617,23.480314234095143,0.0037705595343937013,0.6640709451974187,0.06640709451974187
3.9243753510680697,28.533446711440597,0.00032690537344831524,0.057574574371717285,0.005757457437171728
3.750115514417319,22.989436511189055,0.0007530883801157056,0.13263392550597808,0.013263392550597808
4.6726633669303475,25.90320250883149,2.892877834048936e-05,0.005094936441326986,0.0005094936441326985
4.751579677135405,23.96940067747834,2.387532228374798e-05,0.004204921760613694,0.0004204921760613694
3.49958467036299,22.748250507550672,0.001605941695328445,0.28283845138124575,0.028283845138124576
3.9169698917941886,28.86557562171869,0.0003586059410493067,0.0631576783376039,0.00631576783376039
3.7399058887205587,21.875936819394912,0.0007332957220522583,0.12914804256784373,0.012914804256784373
3.3362943611898825,20.84811591235763,0.0033457711305573627,0.5892572115137628,0.05892572115137627
3.6050240408141674,23.4192693854566,0.0012432843186680404,0.21896723420381528,0.021896723420381528
3.7572139725176488,27.176391476415674,0.0006711382979403786,0.11820087703325947,0.011820087703325948
3.7130156369589975,28.074316059762815,0.0007004604687966265,0.12336509776446186,0.012336509776446186
4.223088112579647,29.987433700667648,0.00010070135715841127,0.017735523022739393,0.0017735523022739392
4.927582291780366,22.96362057011165,1.263859665417274e-05,0.002225909642732903,0.00022259096427329028
3.973385557564248,24.07941951131282,0.0002761642034858426,0.048638039517926605,0.00486380395179266
4.478537371935533,21.36821278029626,5.106571537804367e-05,0.008993693792381052,0.0008993693792381052
4.005276254807499,25.748719296230334,0.00022291768501622153,0.03926026268505694,0.003926026268505694
3.199734719775214,29.975800372629173,0.006549831714841129,1.1535563616178197,0.11535563616178197
4.438419882985265,27.008810101206585,5.915620473826849e-05,0.010418590778503847,0.0010418590778503846
4.902793215066442,25.952128404133717,1.5573959736421762e-05,0.0027428857887786006,0.00027428857887786006
4.355203640780766,23.92369092921794,8.483339422338052e-05,0.014940857390621778,0.0014940857390621778
4.31875650570696,29.152987602855546,9.308064855185364e-05,0.016393363822952464,0.0016393363822952464
3.508381149345474,24.969165961303496,0.0015287078601709963,0.2692360283333159,0.02692360283333159
3.7841516580265857,21.343669133130614,0.0006889791869806297,0.1213430144110285,0.01213430144110285
3.3043468543483203,23.653784631991336,0.0038624608465823475,0.6802566043000831,0.06802566043000831
3.565399245975323,20.671666688477668,0.0015568066680497737,0.27418479037692617,0.027418479037692615
4.035567299212721,22.019790376887816,0.00021931919479485312,0.038626496587269535,0.0038626496587269533
3.255109486649551,20.176687809999123,0.004855872437314535,0.8552162536598359,0.0855216253659836
4.534923649231726,24.532799165001634,3.5564002794214066e-05,0.006263532172116982,0.0006263532172116981
4.981512642669341,26.345402649517972,1.1883649697992726e-05,0.002092948384810479,0.0002092948384810479
4.7484224837827105,23.432924623789077,1.9822477819170435e-05,0.003491134793512297,0.0003491134793512297
3.4583801292452785,24.20381771505277,0.0024198355738184268,0.42618144126090135,0.042618144126090135
3.9652481665218438,29.59209272844576,0.00033434502074835643,0.05888484505420054,0.005888484505420054
4.58003212316784,27.519631215749154,3.4056253572909395e-05,0.005997987379260803,0.0005997987379260803
3.8509627621333786,25.408566369449513,0.00045024381729379294,0.07929694110178281,0.00792969411017828
4.60557143161108,22.845408751118253,3.181485432059468e-05,0.005603232142943135,0.0005603232142943136
3.45723076746221,28.96996798772995,0.0019854421511348573,0.34967607165787107,0.034967607165787104
3.9747734904408945,22.350971168806595,0.00029669874505942905,0.05225458297986665,0.0052254582979866645
4.085933735560959,23.25342730516677,0.00018087146078329386,0.031855081673153714,0.0031855081673153713
4.314514385444148,29.090648144229483,9.885300917961644e-05,0.01740999197671405,0.0017409991976714049
3.5819445081353165,25.29542055285072,0.0012020777463755883,0.2117099326916686,0.02117099326916686
4.158344328291865,27.423179494179767,0.00015630814706447512,0.027528990860995358,0.002752899086099536
4.8047733046914995,25.907447941637663,1.946456640396088e-05,0.00342809943506559,0.000342809943506559
4.742563540184072,26.53439209009495,2.451429889444251e-05,0.004317458321289215,0.0004317458321289215
2.9990604577724507,22.993832915148257,0.014936962580315117,2.6306978496450983,0.26306978496450983
3.1022394528970136,22.41372061626663,0.009961305954096854,1.754385204635538,0.1754385204635538
3.4665220379252726,23.22492347168665,0.0020371994092905745,0.358791559964256,0.0358791559964256
4.319855873532012,21.554415640834225,7.539991787092548e-05,0.013279433535427395,0.0013279433535427396
3.019929515286802,28.743143652908074,0.01578636155568271,2.7802939971868392,0.2780293997186839
3.3488427663615026,22.83246933250114,0.0037143085933003966,0.6541640294520659,0.06541640294520659
3.45695128714142,25.614893944143844,0.0023213339560287293,0.40883333633577984,0.04088333363357798
3.9911382606428294,27.91974425141374,0.0003040135614547234,0.05354286844340588,0.0053542868443405885
4.373450415020765,27.838241093757134,7.914020193628999e-05,0.013938172365019394,0.0013938172365019394
4.766436699372612,24.38386258584193,2.0801285515394614e-05,0.0036635224049712998,0.00036635224049713
3.1251925906555424,24.762573085867256,0.00951892507857948,1.6764730848394183,0.16764730848394183
3.9133356585410257,29.947017489350248,0.00031919917224036953,0.05621735821497388,0.0056217358214973884
4.499824369215931,26.74597476979024,4.65370772262186e-05,0.00819611004108162,0.000819611004108162
4.234216896525421,28.146384431178827,0.00010224847978375934,0.018008002259515696,0.0018008002259515695
3.740199093449757,29.025539692192318,0.0008155011494365864,0.1436260624387716,0.01436260624387716
4.574834360450845,27.87589836229339,3.831335500199246e-05,0.006747748082950912,0.0006747748082950912
3.186830605193131,21.851793449535677,0.00671161656873377,1.1820499100853916,0.11820499100853916
3.400860536396623,25.62170733737572,0.003185036755306443,0.5609486733445708,0.05609486733445708
3.3694219454116996,21.018941573145447,0.00236716076898092,0.41690435463291964,0.041690435463291965
3.919845126752155,26.529221265639983,0.0002666287835348415,0.046958661356156284,0.004695866135615628
3.6257743402322933,29.55349428187811,0.0011752200016514793,0.20697974669085856,0.020697974669085857
3.6842250309288023,25.127320643001113,0.0008462979666292942,0.14904999788275128,0.014904999788275128
3.5679791800496594,24.32972492867767,0.0013947416983739686,0.24564190791762336,0.024564190791762336
4.770965216891942,20.35842751418163,1.89961792842338e-05,0.003345607095539257,0.00033456070955392573
4.01319740043021,29.597745223292204,0.00023559410921108583,0.041492834514256435,0.0041492834514256435
4.992046623231399,21.030026841301588,1.3719136391443113e-05,0.002416214301260961,0.00024162143012609609
3.8805113807463725,20.41079093304847,0.00042674624020611675,0.07515854782510129,0.0075158547825101285
4.203571416219104,22.460666115049385,0.00012261454776958805,0.021594874153179847,0.0021594874153179847
4.634652986502185,20.655304339183825,2.99867792970708e-05,0.00528127156980011,0.000528127156980011
4.7465898076741695,24.551178424117623,2.193965497229015e-05,0.0038640120337197414,0.00038640120337197413
3.611869671075813,25.160878012571125,0.000869414918708342,0.1531213554829132,0.01531213554829132
4.587536491513487,23.12569949028584,3.6555842387273724e-05,0.0064382149612466485,0.0006438214961246648
3.100711985416694,20.50960482574886,0.011295264121333835,1.989321917049315,0.1989321917049315
3.640858306708668,21.116003682492266,0.0008269928619166058,0.14564998284075262,0.014564998284075262
4.141079126884278,23.84504377989928,0.0001395308869705353,0.02457417981325068,0.002457417981325068
3.6348838817159477,20.60528450826536,0.0008912942851290744,0.15697474949693258,0.015697474949693258
4.957431566513925,26.981897256099135,1.1891941781589734e-05,0.002094408786573584,0.00020944087865735838
3.0197744510004796,22.070205415248118,0.01456281738907018,2.56480339856304,0.256480339856304
3.8163829562005605,23.020715687836386,0.0003904822902851776,0.06877174096502549,0.006877174096502549
3.340750123712268,23.941257771780975,0.003828478829727117,0.6742716914915399,0.06742716914915399
4.838145289782863,24.16609633069148,1.875033363374611e-05,0.003302308759575365,0.00033023087595753653
3.862744300946374,20.016607076748006,0.00040361982685803834,0.07108552390623771,0.007108552390623771
3.787846396094742,21.120703709986977,0.00041622971473947865,0.07330637735991698,0.007330637735991697
3.02369829719445,28.627645637408783,0.012440198249595425,2.1909677157187466,0.21909677157187465
3.7427312132262665,20.01233062511908,0.0007703756955325741,0.13567856749719695,0.013567856749719696
3.813128629323832,25.08167355812875,0.0003651867598905739,0.06431669215192788,0.006431669215192788
4.3319081313194365,24.89502006507208,7.603607461729614e-05,0.013391473461598196,0.0013391473461598197
4.159284371659846,23.33094161010638,0.00012421604325561967,0.021876929538179737,0.0021876929538179736
3.827711505324598,24.313270201464498,0.0005226595956743397,0.09205080799016471,0.009205080799016472
3.9460507632616366,27.805811375265844,0.00028080692839392004,0.0494557162287372,0.00494557162287372
5.001984591629404,28.412037062149565,1.1784736153036268e-05,0.0020755277312727474,0.00020755277312727475
3.2630245049667352,22.6034854341525,0.005330443566672559,0.9387977209623711,0.09387977209623712
3.1801694638601106,23.224904409677297,0.009064222279454375,1.5963908278575045,0.15963908278575045
4.653046967513026,22.424828530283328,2.9028326130570318e-05,0.005112468798116045,0.0005112468798116045
3.7506380265689727,24.79863400551065,0.0006734715802131463,0.11861181470713933,0.011861181470713933
4.6997421039800775,26.832583576588128,2.281917535618398e-05,0.004018913163731122,0.0004018913163731122
3.5553512268027503,22.282528754634207,0.0016534547230862312,0.29120644582994704,0.029120644582994702
4.286180625706416,23.307357420548666,8.473668827568285e-05,0.014923825539113264,0.0014923825539113265
3.5261444994119273,29.303846175891504,0.0015000118655934813,0.2641820897683239,0.02641820897683239
3.4204140945043218,20.48569289846958,0.002506583792155215,0.44145953747437644,0.04414595374743764
3.3002631158393685,24.60769605239566,0.0034398279685058804,0.6058225018132557,0.06058225018132557
4.753433484063722,27.115580415967777,2.267488648926032e-05,0.003993501008488528,0.00039935010084885274
3.119991204531963,21.50454011557474,0.010539963064153734,1.8562982948587556,0.18562982948587556
4.439152500753628,20.47374020005482,5.750507443677014e-05,0.010127793709803958,0.0010127793709803958
4.8963743793408225,21.382053716385307,1.3288055561920144e-05,0.0023402923455653757,0.00023402923455653757
3.7340850442312337,29.18823193530683,0.0006776620246514182,0.11934983578160777,0.011934983578160776
4.130971546907866,20.092597818211235,0.00016751107925459533,0.02950205127831933,0.002950205127831933
3.1836272924789717,21.883219748113518,0.005474017132652706,0.9640838974027945,0.09640838974027946
3.245316468384759,20.312835129016445,0.004647611929811148,0.8185374130783394,0.08185374130783393
4.253231480435898,21.10629467562203,0.00011131619331178612,0.019605007966071772,0.0019605007966071774
3.0359329711441876,26.201492866282962,0.01394980072622631,2.4568389039029777,0.24568389039029775
4.298959792441015,22.416389087390858,9.120714591781663e-05,0.016063402539045864,0.0016063402539045865
3.8702813401729226,25.692120504306768,0.0005008279138568394,0.08820581218846656,0.008820581218846655
4.382438651631883,25.90195382766126,6.993342507640249e-05,0.012316674824456007,0.0012316674824456007
3.076377983644076,28.49435333089779,0.012272803510791979,2.1614861543206834,0.21614861543206834
4.6766008807535995,20.04741392911874,3.4930580091714396e-05,0.00615197376575274,0.000615197376575274
4.916059683350344,28.533694593423668,1.4067115198330399e-05,0.00247750032872995,0.000247750032872995
3.9501713712346382,26.19119086426974,0.00027278488223598125,0.04804287345940102,0.004804287345940102
2.973423981309721,21.627434861049576,0.018829524865147232,3.3162559192497305,0.33162559192497304
3.145972087336116,27.729373881352842,0.008760622739842615,1.5429208769410814,0.15429208769410813
3.36681523317164,28.554915417905857,0.002953972610709972,0.5202536561982403,0.05202536561982403
3.1033544948598974,22.542634837541573,0.008701922676038623,1.5325826217039225,0.15325826217039223
3.1990505405184546,29.18793680902681,0.008879201484639816,1.5638049654747643,0.15638049654747643
3.816904402045714,24.54457430298658,0.0005155046525842254,0.09079067941313379,0.00907906794131338
4.207689066291838,26.034244543333216,0.0001102975513516686,0.019425604744055875,0.0019425604744055876
3.368689625005157,29.84649533617644,0.0035289136041104304,0.621512263955929,0.062151226395592896
3.5356107664630008,23.615360786391992,0.0015257457484563132,0.2687143412181259,0.026871434121812587
4.095250773445796,28.13159345820113,0.0001710292949060396,0.030121679418851695,0.0030121679418851693
4.799858114975782,23.183991178284597,2.0499345944372247e-05,0.00361034480772284,0.000361034480772284
3.3470876887944483,27.99213522241491,0.0029134375774881468,0.5131146261472124,0.051311462614721234
4.363561997754234,26.007339188626425,7.34716346662813e-05,0.012939824297425462,0.0012939824297425462
3.112713157534193,22.163556952254012,0.012344781197138508,2.174162864440034,0.2174162864440034
4.418275685552686,24.140260937892364,6.240263054934982e-05,0.010990351292351491,0.001099035129235149
4.694581427583528,23.176356343635618,2.5415647412490435e-05,0.004476203822287816,0.0004476203822287816
3.2224501605527895,20.78108393080364,0.005529321187754792,0.973824047587374,0.0973824047587374
4.612475164415291,20.298347700996974,3.2050753559170155e-05,0.005644778716841048,0.0005644778716841047
4.549916384746005,23.464786554071807,3.904679720904488e-05,0.006876921924456984,0.0006876921924456984
3.642426427969248,20.190341478174865,0.0009505242737518228,0.16740633509317102,0.0167406335093171
3.1898121405953193,21.65487757581775,0.007692273810205229,1.3547632634533449,0.1354763263453345
4.462000655651841,27.25183320850869,4.448713080551558e-05,0.007835073477467404,0.0007835073477467404
4.26816915514269,27.080912356835878,0.00010569832876445551,0.018615589661995904,0.0018615589661995905
3.3203155741238417,27.385803864573827,0.0036765118168458483,0.6475072611828908,0.06475072611828908
3.0068606397313205,23.17153171129979,0.016107465358376944,2.8368467989173474,0.28368467989173474
3.80869025944714,28.900194571176954,0.00044920637857840653,0.07911422739522896,0.007911422739522896
4.689338809599264,25.938305480284477,2.9844324840385504e-05,0.005256182490888695,0.0005256182490888695
5.049675230073262,21.260263417466266,1.1117054876169718e-05,0.0019579357047910108,0.00019579357047910107
4.4605119645498075,21.43718661455534,5.726178724168268e-05,0.010084945969005155,0.0010084945969005155
4.63611600986952,26.930954269297015,2.7227848076093898e-05,0.004795368603161657,0.0004795368603161657
3.5346815356756878,21.72943936442078,0.0017229537629903035,0.3034466167378523,0.030344661673785227
4.7205063224961386,25.072927015820433,2.523755423681809e-05,0.0044448380521884025,0.00044448380521884025
3.7833821885762373,29.917744759287107,0.0004686933313512133,0.08254626951757568,0.008254626951757568
3.4790651730429762,20.040076047333393,0.0019546366498394145,0.3442506067697177,0.03442506067697177
3.6989584450380355,20.16579801897557,0.0008273415020100109,0.14571138533400313,0.014571138533400313
4.522287436925627,29.930845819305066,4.563096470406499e-05,0.008036525503679927,0.0008036525503679927
3.2900998702074737,25.846388341341655,0.0045041302032369805,0.7932674113940971,0.07932674113940971
3.450537270093847,21.26909975518513,0.0022953215160953265,0.4042520254147089,0.04042520254147089
3.4439244524893002,28.973021997540936,0.0027456628838680433,0.4835661471068398,0.04835661471068398
4.720382287573304,28.803803001276922,2.707014488055856e-05,0.004767593916363974,0.0004767593916363974
4.6171757800015705,25.362004131113753,2.5608701152342904e-05,0.004510204446950632,0.0004510204446950632
3.0616392640920242,26.217920298607567,0.011506849113174098,2.026586265812222,0.2026586265812222
4.047071178162511,22.731871915008764,0.00020512001501158452,0.03612573704384027,0.003612573704384027
4.211047132055261,20.505196963720053,9.843072475661092e-05,0.017335619244134317,0.0017335619244134317
3.8692906581385356,25.945676088908645,0.00040956925642324335,0.07213333744126162,0.0072133337441261615
3.5741556936354244,22.94755193202763,0.0015397559894689528,0.271181824865272,0.027118182486527198
2.9905831574535777,26.63621046660352,0.014241533253082968,2.5082188365329725,0.2508218836532973
4.307009078176498,28.362451768426013,8.816019633847844e-05,0.015526773779132823,0.0015526773779132824
3.048406965920127,20.18160543914364,0.011268544309242097,1.9846160237437183,0.19846160237437183
4.960249559156326,25.957137746857274,1.2079148530490698e-05,0.0021273796391900216,0.00021273796391900216
3.7814620456354446,22.312805396868523,0.0006794437994814529,0.11966364196467348,0.011966364196467348
3.5733296057928254,28.738884979038012,0.0012362829180191093,0.21773414752152553,0.021773414752152553
4.76547016822912,22.536645065618284,2.235946626145129e-05,0.003937949197966801,0.00039379491979668016
4.602758770225698,26.107701332354182,2.904829659894536e-05,0.005115985997006257,0.0005115985997006257
4.062904057902904,25.535408400896117,0.00024158905428525878,0.04254866424071978,0.0042548664240719776
3.023164787741956,23.96166500059249,0.015437085518485738,2.718779501515708,0.2718779501515708
3.654530068297122,26.77620763599794,0.0009267026942585084,0.1632108785128085,0.01632108785128085
3.0790771927743013,27.257696347154337,0.011994347616699107,2.1124445022530467,0.21124445022530466
3.24207356583572,25.669377953193866,0.004512227847999266,0.7946935685896308,0.07946935685896309
3.9441655152102726,27.58422237184754,0.00034862560836278325,0.061399942144853385,0.0061399942144853385
3.3090348794954534,29.83417075992938,0.0038879384638285087,0.684743722249477,0.0684743722249477
4.994766647021686,24.19272387900805,1.1451473887771153e-05,0.0020168335811142552,0.00020168335811142552
4.727995314980237,25.14583051885531,2.2917919484630163e-05,0.0040363039796330645,0.00040363039796330644
3.2231763568278864,20.12469877941213,0.0054590167782997195,0.9614420349941466,0.09614420349941466
3.318426934272332,27.960285563103785,0.004260851432520194,0.7504211542954565,0.07504211542954566
4.432136001698048,25.202300670459937,5.8575290144227845e-05,0.010316280100201409,0.001031628010020141
3.8035719244475494,24.079614303605652,0.0005643384603538496,0.09939128963751999,0.009939128963751999
3.641123427613036,20.94071963089396,0.0009996597549542983,0.176060076042551,0.0176060076042551
3.1895109074792383,28.896564216753973,0.0073036263611400325,1.2863146747239826,0.12863146747239826
3.634243316609373,23.950072400405563,0.0009778080744494,0.17221155807202831,0.01722115580720283
4.087514808442239,26.8258159820922,0.00022987205514508403,0.040485066352152196,0.004048506635215219
4.054670689557738,21.493741563681507,0.00017171464772731574,0.030242383757734848,0.0030242383757734847
4.030874465375648,29.615496295410324,0.00025433778516835437,0.04479397072385057,0.0044793970723850576
3.597688846608953,21.78441761821831,0.0014170082684088613,0.24956349623216867,0.024956349623216866
3.148979577400858,21.995419928994902,0.007289858269500149,1.2838898384243664,0.12838898384243663
4.0027206789451295,28.58982860557714,0.0003146731668410091,0.05542023814403853,0.005542023814403853
4.417642592801739,29.12582744141931,6.574618504489835e-05,0.011579218110107498,0.0011579218110107498
4.443835861454754,22.121474075233014,6.0392887963567876e-05,0.010636395428143574,0.0010636395428143574
3.388061419904916,24.69800888174828,0.002896323878631938,0.510100561504657,0.0510100561504657
3.2565059042352202,27.3349490456283,0.00495081752161004,0.8719379819059602,0.08719379819059601
4.7470142500507615,28.783657338108014,2.2254490891252148e-05,0.003919460935767329,0.00039194609357673285
4.8725899101179895,23.790526950373053,1.658227938160508e-05,0.002920471044688287,0.0002920471044688287
3.705051678925082,25.170194868494292,0.0009154425409763662,0.1612277403167576,0.01612277403167576
4.648912876190619,27.41716410519735,3.0364889556148207e-05,0.005347864348628823,0.0005347864348628822
3.2215546075958326,27.311359766527953,0.005264920630404846,0.9272578214269015,0.09272578214269014
4.267017074338318,27.829601300260848,0.0001057071646282447,0.018617145834326457,0.0018617145834326457
4.677181957271253,25.699338186415265,2.9838526912702094e-05,0.005255161359865093,0.0005255161359865093
3.102100950038789,21.04615096804775,0.010944667172646659,1.9275747824465297,0.19275747824465297
4.615249609008068,29.0397329087804,3.517666679679024e-05,0.006195314556250697,0.0006195314556250697
4.292782839772557,28.655725393210282,8.701142309485459e-05,0.01532445183546579,0.0015324451835465789
4.596053811323339,27.98097435818333,3.213099718874371e-05,0.005658911224881542,0.0005658911224881542
4.699454554431645,20.998624771607297,2.4050117919652838e-05,0.004235706768009258,0.0004235706768009258
4.942155497040468,22.043973670814292,1.1743253983262284e-05,0.0020682218915321535,0.00020682218915321534
4.899622021101716,27.43600365107652,1.5233680761740536e-05,0.002682955855757743,0.00026829558557577433
4.566887636801856,20.231400945819466,3.769787361427997e-05,0.006639349500946989,0.0006639349500946989
4.885049268289183,29.792246337072797,1.5002387462332648e-05,0.002642220479866026,0.0002642220479866026
3.5805111477740548,23.771446803556806,0.0008928419620352538,0.1572473263536489,0.01572473263536489
3.4668520989492637,27.193125336908235,0.001763428836971647,0.3105750867674465,0.03105750867674465
4.093959411319928,28.875710884880434,0.0001990583993531672,0.03505816529407981,0.003505816529407981
4.20508044898244,23.946298881500823,0.00011203936015325898,0.01973237211019197,0.001973237211019197
3.8458912489471273,23.19132488599666,0.0004623135071668125,0.08142265488221902,0.008142265488221901
3.1198372576970526,26.087411288982466,0.007718204997732037,1.3593302642005665,0.13593302642005664
3.246037174880333,25.809893737480508,0.00643775386872439,1.1338172113597396,0.11338172113597396
4.9222731756807,24.09139977624797,1.3914503188424692e-05,0.002450622301545357,0.00024506223015453567
4.560540436294698,26.017747558677087,3.97141024363658e-05,0.0069944477210927445,0.0006994447721092744
4.484275295349854,29.353813695664947,6.04307625757101e-05,0.010643065904834064,0.0010643065904834064
4.429564521660103,24.676402566265963,6.652409885476563e-05,0.011716224290301324,0.0011716224290301324
3.6974844772500455,21.967421807506312,0.0007674812085268101,0.1351687904457418,0.013516879044574178
3.9951529256174814,23.772059828830038,0.00023641008809224262,0.04163654471480577,0.004163654471480577
4.900267609611193,23.941069825931187,1.4539135892020827e-05,0.0025606326133027083,0.00025606326133027085
4.118227659647113,21.3110869302622,0.00017097265543265222,0.03011170407479871,0.0030111704074798707
3.7944402313199688,21.628715005545548,0.0005350381265945097,0.09423091485582505,0.009423091485582505
4.751313304597622,26.845620733936773,2.165296029761367e-05,0.0038135193676157196,0.00038135193676157195
3.277595319631727,23.394777542089027,0.005628766428085723,0.9913383433144575,0.09913383433144575
4.898872846514081,29.548983918558076,1.4841375707615908e-05,0.002613863089625314,0.0002613863089625314
3.144812032360674,22.435967453586073,0.011271407927171635,1.9851203641334685,0.19851203641334686
4.772917454134132,20.989245051048222,2.12360318101502e-05,0.0037400899224036537,0.0003740089922403654
3.26955133860586,27.53504563000258,0.00607851286592671,1.0705476859470122,0.10705476859470123
3.124633345703565,28.8103605191787,0.009522596336788654,1.6771196668352177,0.16771196668352178
3.011255317879685,22.78113356871488,0.017083751514799295,3.008790316786452,0.3008790316786452
3.266719032449245,22.02088101645478,0.004432874181822683,0.7807178009026109,0.07807178009026108
3.3024429846645615,21.85766134871087,0.003734873394047368,0.6577859021596225,0.06577859021596225
3.5877544235859187,25.220123013665123,0.0013188481995312972,0.23227554490145205,0.023227554490145207
3.358559654677844,24.68416641246771,0.003721242480751091,0.6553852257098821,0.06553852257098822
4.675483358822387,22.594398398545344,2.779855924836253e-05,0.004895882254821609,0.0004895882254821609
3.735208912406715,20.451731169894263,0.0005875225208974125,0.1034744663804523,0.01034744663804523
3.77531436886408,24.814913403262807,0.0004976631356681348,0.0876484314538719,0.00876484314538719
3.1488978485377497,29.593323476356083,0.006760644124802023,1.1906846432601323,0.11906846432601323
3.864860991627768,26.525192007526634,0.0003366959608680071,0.05929889262807341,0.005929889262807341
4.0817132684764985,24.955065566286184,0.0001865500359764405,0.0328551923361707,0.00328551923361707
3.6130775178974224,21.10692074029616,0.0012899081747249862,0.2271786277325646,0.022717862773256457
4.34313752056641,22.524362905495874,7.574063602584521e-05,0.013339440816871858,0.0013339440816871858
4.592597258808941,22.947739495745427,2.8922495098663193e-05,0.0050938298367765615,0.0005093829836776561
3.8819949929622353,27.64803552607234,0.0003775678477094777,0.06649724933859322,0.0066497249338593216
4.006764193432412,28.767107972646194,0.00023753899591509844,0.04183536796056714,0.0041835367960567135
4.487510867399443,29.016418535664386,5.8543785880405116e-05,0.010310731569256949,0.0010310731569256948
4.072337483629846,29.84568608250754,0.00016322586296853238,0.028747338986017924,0.0028747338986017923
4.106745084198843,29.823666831045323,0.0001618434338843424,0.028503865575710385,0.0028503865575710387
4.254923074166041,29.529991327679816,0.00012043018751291393,0.021210164624774402,0.0021210164624774403
4.103911655709393,20.718221405028842,0.00017874399612597975,0.03148039259770755,0.0031480392597707553
3.5120725878743206,21.37793535927805,0.0018321163060502803,0.3226723238215754,0.03226723238215754
4.276355985549992,23.04466526476033,9.543163534379644e-05,0.01680741961674943,0.001680741961674943
3.044630602564667,25.528982540644613,0.013527924106979781,2.382537993721279,0.23825379937212793
3.113718633852886,20.969778887054794,0.010566921094790118,1.8610461432144356,0.18610461432144357
3.8573982549649104,28.457969578021427,0.0003863709034150715,0.0680476435094624,0.0068047643509462396
4.228160595456006,26.167561790773092,0.000121224939631797,0.021350136367952088,0.002135013636795209
3.733830407125562,25.42364402302205,0.0005847023057170779,0.10297777008289177,0.010297777008289178
3.2171875797352025,21.65311323367291,0.006313200946456817,1.1118809506899747,0.11118809506899748
3.560813504820327,22.532554744001974,0.0014240925807356237,0.2508111853191581,0.02508111853191581
3.2658252350285557,21.60312024982258,0.004513287842116821,0.7948802547536146,0.07948802547536146
3.7795695420822404,28.519331577947987,0.0005727742838876072,0.10087700687828538,0.010087700687828539
3.5728780208988047,25.842278600612183,0.0012263888025826847,0.21599159591086242,0.021599159591086242
4.2608173411790515,27.351294275196334,8.931276336910052e-05,0.015729763884565984,0.0015729763884565983
3.396389626588441,22.960328629100257,0.002661628484250261,0.468766008646156,0.0468766008646156
4.465900914379805,23.71252637088277,4.655165840079339e-05,0.008198678077547731,0.0008198678077547732
3.488512367016068,24.048549644265336,0.001962609176377236,0.3456547281435588,0.03456547281435588
3.151759190614285,27.60014971744035,0.006924252962170437,1.2194994316974574,0.12194994316974575
4.702168512684018,27.72352987674568,2.728596785071093e-05,0.004805604657867209,0.00048056046578672093
3.5903904616233073,22.068135275140317,0.0010652539267796799,0.18761252158443723,0.018761252158443723
4.764265893826287,29.41538856738099,2.0597569131812858e-05,0.0036276438754948804,0.00036276438754948806
3.4046268810450666,21.206553374436865,0.002482341759395974,0.43719003066481893,0.043719003066481896
4.850375472396593,28.961220824236303,1.9003238636570337e-05,0.0033468503886727678,0.0003346850388672768
3.066727574412018,21.00395645649809,0.012263132335760889,2.159782866974208,0.21597828669742078
4.660324346747826,22.64539811151311,2.8408360410467604e-05,0.005003280435491555,0.0005003280435491555
3.032583856997355,28.46478536067957,0.014598384948957864,2.5710675572104593,0.2571067557210459
3.2272417582761244,21.794920723460873,0.004394584110282224,0.7739741535029053,0.07739741535029053
3.663129543353518,24.1356793130997,0.0009102288882400024,0.16030951179682923,0.016030951179682923
3.382442946654971,24.498592999441264,0.0038252475465882798,0.6737025979051279,0.06737025979051278
3.304543042880125,22.4525897302321,0.004206093945222449,0.7407772656325777,0.07407772656325777
3.041606507091486,27.102452013359866,0.013240040308752315,2.3318358991774577,0.23318358991774576
4.390972556629432,28.513346494022038,6.85748817951873e-05,0.012077408181768386,0.0012077408181768387
3.698050595397753,28.74575139855572,0.0008856261972123471,0.15597648585303858,0.015597648585303858
4.721459109590233,23.39322145736561,2.0590284716714494e-05,0.003626360944307757,0.0003626360944307757
3.572051151946841,25.308503942878144,0.00107980866973404,0.19017590291355913,0.019017590291355913
4.584316489148928,22.484064038656516,3.6750335104012795e-05,0.006472469018518733,0.0006472469018518733
3.6971399763198383,22.447965015501453,0.0007317066766051356,0.12886817988369648,0.012886817988369648
3.743776244037064,21.61254062851924,0.0007744987056734756,0.13640471204321253,0.013640471204321252
3.9020352260848497,29.400190108075147,0.0003449459139116067,0.060751874358112176,0.006075187435811218
3.74173536550578,28.8798882860558,0.0005304993537617636,0.0934315461845218,0.009343154618452181
3.317453947824018,27.773587133276923,0.0033185409952420737,0.584461440082034,0.0584461440082034
3.2108403179762046,25.17661521287729,0.0043401782324991945,0.7643921903077582,0.07643921903077582
3.852387476537384,24.906079155118718,0.0004208289528042335,0.07411639516788161,0.007411639516788161
3.647715604147857,25.29745666182498,0.0009520469302020184,0.16767450534717948,0.016767450534717947
3.05213642525814,25.365680135770894,0.011832583497374156,2.0839546055575364,0.20839546055575364
4.746388553625185,24.345630846976903,2.4838241310099644e-05,0.00437451105953475,0.000437451105953475
4.757086618740512,21.317548328920676,2.4346793232240852e-05,0.0042879572240622586,0.00042879572240622587
4.796575291106532,21.25663852868536,1.9473308285727117e-05,0.00342963905528226,0.00034296390552822603
3.4817716299036983,29.522497158456833,0.0014823434565889911,0.26107032957445314,0.026107032957445313
4.026601599317988,24.820307595863504,0.0002406619285500091,0.042385378856227604,0.004238537885622761
3.3538008073169148,29.53205524905189,0.003591374322900784,0.632512845749286,0.0632512845749286
3.530752624456138,21.6357687771011,0.0016408302874901476,0.2889830302327648,0.028898303023276478
4.219538093224103,25.544165520399336,0.0001261840907016585,0.022223542054376096,0.00222235420543761
3.086341954557669,22.07717253351539,0.009217424867386286,1.6233728676440728,0.16233728676440728
3.418216418620189,22.531846061266016,0.003283644142627619,0.5783154063995762,0.05783154063995762
4.305187592309766,20.30054578761179,7.812055229700101e-05,0.01375859167054782,0.001375859167054782
4.145693498241575,21.189533107402113,0.0001591599003811802,0.028031241655133456,0.002803124165513346
4.182391975811028,29.168484076291957,0.00010905659519919332,0.01920704754648193,0.001920704754648193
4.585564728672859,23.215329914823318,3.312214396266818e-05,0.00583347199470512,0.0005833471994705121
4.684722382079955,26.081292119145914,3.073867402458106e-05,0.005413695269209216,0.0005413695269209216
3.048670792005481,24.65014131989273,0.012280629500235042,2.1628644675813957,0.21628644675813957
3.9935608895498484,24.004512452452783,0.0002786655758809307,0.04907858122414952,0.0049078581224149525
4.089301541187029,25.318860913460682,0.000184058303682401,0.03241634844454446,0.0032416348444544462
3.41313091950417,21.872389446153417,0.00255836696523077,0.45057958991644326,0.045057958991644324
3.782263100188769,29.886038985195768,0.0006681548348059026,0.11767542950601556,0.011767542950601556
3.049376592189286,28.18307868703863,0.012281798179527173,2.1630702953783256,0.21630702953783257
3.273182986460853,27.416146327315154,0.003758330166625213,0.6619171089460325,0.06619171089460325
3.8606500251505627,24.687592970139526,0.000381873535110953,0.06725556700374105,0.006725556700374105
4.113584432653545,21.52877122126336,0.0001745766930308461,0.03074644717659262,0.003074644717659262
2.9822199388769763,29.206658582735677,0.018025366271510617,3.17462750773845,0.317462750773845
3.3905754675679742,23.413870673817275,0.002336731315792654,0.41154511933740223,0.04115451193374022
3.009010813226066,20.501066896969338,0.013770267535117849,2.4252195182849556,0.24252195182849556
4.699960740640265,23.424036768106287,2.4602503644665848e-05,0.0043329929418985495,0.00043329929418985493
3.192949080512384,27.944570304958845,0.006408570131448571,1.1286773715507223,0.11286773715507223
3.542625600414141,26.22708744988208,0.0012657379955701808,0.22292177577982025,0.022292177577982027
4.689269235557417,27.508385847448597,2.525466072483956e-05,0.0044478508468587434,0.00044478508468587437
3.652735524437411,27.936353838623774,0.0008734768513162618,0.15383674305382003,0.015383674305382003
3.517681057459432,22.119546110805427,0.0018370374283769222,0.32353903188574357,0.032353903188574354
5.041370379180073,29.2378331609318,1.0979912101549348e-05,0.0019337821193248712,0.00019337821193248712
3.9306166302243692,24.379896029203728,0.0003156816036248039,0.05559784403040046,0.005559784403040046
3.235854904784173,26.390136492641645,0.005294419957998068,0.9324532430026198,0.09324532430026197
4.2805935451492365,20.02308772586742,9.433759137065634e-05,0.016614736592199995,0.0016614736592199995
3.901952484895174,29.93368498411178,0.0003259932967296212,0.05741393942002088,0.005741393942002088
3.9249551964797638,22.80896385964155,0.00028816194001784703,0.05075108087594322,0.005075108087594322
4.233171392850945,20.620631065401554,9.916545108844907e-05,0.01746501924569765,0.001746501924569765
3.0677535395597677,24.58262041536514,0.010736389414526985,1.8908929036864925,0.18908929036864924
3.2899538478237376,21.290300571820417,0.003786782111947137,0.6669280655561298,0.06669280655561298
4.743673423290464,21.523267101575758,2.3170838824505522e-05,0.004080848133771913,0.00040808481337719125
2.9745658598579667,26.322828130302103,0.019508072945821596,3.4357618072180998,0.34357618072180995
3.106701980893676,23.929273915702332,0.007968197320735988,1.4033589121280223,0.14033589121280224
4.303544556534625,29.21852450154995,8.647644843500003e-05,0.015230232098372206,0.0015230232098372206
3.2210006897872083,23.1915649460807,0.00577774955625148,1.0175772518470108,0.10175772518470108
4.760422683346355,27.261801283839013,2.2448351561159913e-05,0.0039536036769514836,0.00039536036769514835
2.9487705056274423,24.610994301549077,0.019817351410747946,3.4902319304609284,0.34902319304609286
3.4879487415390105,26.59951301129279,0.0015731119463887617,0.2770564759979887,0.02770564759979887
3.5220844883635114,25.996953567159906,0.0013976954498653197,0.24616212263028012,0.02461621226302801
4.7949989468655145,24.72783972758998,1.98817404101683e-05,0.0035015721210388414,0.00035015721210388413
3.1544442669761303,29.50061094624437,0.009124523969014222,1.6070111614227849,0.1607011161422785
4.901952712190489,23.42713642754956,1.246517444268694e-05,0.0021953665228460237,0.00021953665228460236
4.415005885989327,21.772355012492724,6.233509009807258e-05,0.010978456068072542,0.0010978456068072543
4.687482924451851,26.780940608798282,2.9646415296345812e-05,0.0052213266619924245,0.0005221326661992425
3.328237450342655,28.460075613079088,0.0036587623744065594,0.6443812293804833,0.06443812293804832
4.5260549828208845,20.402537399399236,4.508934742130834e-05,0.007941135867840824,0.0007941135867840824
3.079100028998622,24.496326884226804,0.01011826733039101,1.7820292422284647,0.17820292422284648
3.545142098129753,28.924876896873265,0.001464494785888369,0.25792682169065956,0.025792682169065956
4.899020280920847,27.496186189228673,1.3162456370178187e-05,0.0023181718159157824,0.00023181718159157825
4.966976831959805,29.918077164976282,1.042121732062175e-05,0.0018353847945079026,0.00018353847945079026
4.931449586756034,25.314138115972437,1.4807138074743724e-05,0.0026078331577238647,0.0002607833157723865
3.6120062698151543,26.599957188011512,0.000998971472330163,0.17593885570678833,0.017593885570678834
3.2757446274041535,23.02480281137928,0.004414585940653517,0.7774968758678975,0.07774968758678975
4.368534676009243,29.47535599665992,6.126667452999767e-05,0.01079028671822319,0.001079028671822319
3.1635654500643176,23.66335488556536,0.006354028839296585,1.1190715591769145,0.11190715591769144
4.88207472190547,27.385107126866288,1.5447756051125344e-05,0.0027206587957241957,0.00027206587957241956
3.2684306085145924,24.03140204119082,0.004397245539324094,0.7744428843857595,0.07744428843857595
3.0821025906301465,25.618189300629993,0.011527228963535023,2.0301755650577884,0.20301755650577885
3.3546185925027645,27.19782535021546,0.003531487855159798,0.6219656410507436,0.06219656410507436
3.4824681151251187,25.089341517513542,0.002012790560942311,0.3544926735931598,0.03544926735931598
3.2328724148758994,29.070863269095085,0.005825520321379397,1.0259906390013394,0.10259906390013393
4.983483074980644,24.1930098792781,1.3567483075684322e-05,0.002389505119289523,0.00023895051192895228
4.468550384186142,26.470717981433253,4.633199122008821e-05,0.008159990293681935,0.0008159990293681935
4.698393706637086,23.42362433300054,2.5837360315073646e-05,0.00455047589869077,0.000455047589869077
3.869044877624223,24.081566682310132,0.0004623302048981851,0.08142559568666836,0.008142559568666836
3.426624092245975,24.400501082335524,0.002878199036626917,0.5069084143307326,0.050690841433073265
3.5542579390785307,21.258070183122854,0.0011996072645986304,0.2112748314411108,0.02112748314411108
3.1935062613111653,20.917236790590067,0.006437728086320445,1.1338126705627567,0.11338126705627567
4.660481393195595,26.674899231467577,3.252391931911977e-05,0.005728112670483374,0.0005728112670483374
3.422725036853665,26.55517738343052,0.0026561316900052226,0.46779791324371983,0.04677979132437198
4.528404882644418,26.629097142100953,4.335477332063997e-05,0.007635642677231112,0.0007635642677231113
4.326914907761543,20.197664453426917,7.825351950549527e-05,0.013782009855307828,0.0013782009855307828
3.4401496577753643,23.2654684267178,0.0022013317678847336,0.3876985509598593,0.038769855095985926
2.989933946656788,21.97809847259197,0.017166264115018627,3.0233224359370805,0.302332243593708
3.6235311814856233,27.781514225440123,0.0010425428154040033,0.18361264064895305,0.018361264064895307
4.893784783011073,28.6063040139613,1.513042194587404e-05,0.002664769913107336,0.00026647699131073356
3.624613173218096,22.46680377226147,0.0010809848335746617,0.1903830488891694,0.01903830488891694
4.909482321171162,26.678491588479865,1.3796115456306182e-05,0.0024297718541646447,0.00024297718541646448
3.1617464857573143,21.293628034582746,0.008273339525888093,1.457100557299411,0.14571005572994108
3.5396766468415515,22.751525256017132,0.0021958786734623636,0.3867381519701915,0.03867381519701915
4.519971205507481,21.386544962334195,3.7266782026236654e-05,0.006563425650460799,0.0006563425650460799
4.800294324438625,22.835207665992293,2.0076098565262735e-05,0.003535802479314073,0.0003535802479314073
4.5238466858014075,26.747365473492778,4.033291910400961e-05,0.0071034337125981725,0.0007103433712598173
2.9989116949109973,29.103269101852526,0.01714311318547383,3.019245094225651,0.3019245094225651
3.9278211360043125,22.02522407924186,0.00032602441184972263,0.05741941941497315,0.005741941941497315
3.3428103774567544,25.420790349507193,0.0038678277907301683,0.6812018305033972,0.06812018305033972
3.620392566561526,27.013911012434324,0.0012593531388509856,0.2217972748144356,0.02217972748144356
3.710220957595109,29.529224684855656,0.0007743965239242978,0.13638671579354733,0.013638671579354732
4.680186262584725,26.100604828871738,3.0125193170132505e-05,0.005305649021123737,0.0005305649021123737
2.969244634207955,22.551069310273807,0.013239777807209722,2.3317896674057765,0.23317896674057764
4.310424986117914,26.25478156913936,9.872580583729917e-05,0.01738758892406513,0.0017387588924065128
3.7051160598615747,23.204911616780162,0.000808084566225655,0.14231985380366238,0.014231985380366238
3.502198469434997,29.76128390691708,0.0020382648595587724,0.358979207065491,0.035897920706549104
3.5249925887267337,23.99676135163637,0.0013882555305934745,0.24449956404812273,0.024449956404812272
3.0239332842072892,26.854277207610142,0.012704616265126454,2.237537016614071,0.22375370166140712
4.641883936583768,20.232275823467585,3.089218782815672e-05,0.0054407321202949626,0.0005440732120294962
3.8270711756582525,24.000614461347553,0.00047595296524808705,0.08382483623949309,0.008382483623949308
4.0469439348142595,28.751076133225116,0.00021543362513284255,0.03794217005839623,0.003794217005839623
3.9276475623862903,26.10227444433246,0.00036707669030278844,0.0646495466961271,0.00646495466961271
4.662459175126672,24.439428863959762,2.4741033450061093e-05,0.00435739081122476,0.000435739081122476
4.704709759047569,29.35937499435726,2.770206937686344e-05,0.004878888458653189,0.0004878888458653189
4.316591093959009,28.53984376147229,8.272738586024361e-05,0.014569947197706106,0.0014569947197706106
4.2489414011817495,23.222156738229383,0.00010128034974810616,0.017837495197636458,0.0017837495197636458
3.9447485503874167,25.445484020413396,0.00025827395031555243,0.045487208129575095,0.0045487208129575095
3.647227370087118,24.89824256092463,0.0010381471241376094,0.18283847150311577,0.018283847150311578
3.5159788269131163,26.322025001148624,0.0012424418954351563,0.21881886662403974,0.021881886662403975
4.04165869829648,23.341112669587556,0.00022854722828371342,0.04025173784532761,0.004025173784532761
3.9837575715774602,22.44205000765888,0.000223349127936589,0.039336248412192056,0.0039336248412192056
4.462814898085329,29.12671835255536,5.2260569504594055e-05,0.009204131501149106,0.0009204131501149105
3.6709281963957845,29.238744994985062,0.0008737971417111721,0.15389315259817163,0.015389315259817163
4.262241692748026,28.43322885761979,0.00011123334752562645,0.01959041716621333,0.001959041716621333
4.9425850195577885,29.782044307645613,1.3152171191856969e-05,0.0023163603903098495,0.00023163603903098495
3.9876906762999416,27.449915257796885,0.00024028139558347246,0.04231835939016117,0.004231835939016116
3.8799859984494107,27.646672285619996,0.0003669761395956589,0.06463183770558745,0.006463183770558744
4.479834463836946,27.625900919626407,5.552089585894271e-05,0.00977834017867699,0.000977834017867699
3.720452542470592,24.806076309423066,0.0007746600852519656,0.13643313421457617,0.013643313421457618
3.7054589365747006,24.564521945142715,0.0007362872354066272,0.1296749078998152,0.01296749078998152
3.458764758891247,22.402262761490032,0.0020730376879440817,0.3651033976007117,0.03651033976007117
3.5169262990796306,26.448191943592903,0.0013747698252523758,0.24212446162344844,0.024212446162344844
3.567387649000964,22.893201361023344,0.0014224240496255721,0.2505173236200558,0.02505173236200558
4.176221346825032,22.578084097023545,0.00011053675247043531,0.019467732845093066,0.0019467732845093067
3.336616589193669,25.859613740960548,0.0039675858484400405,0.69877121962726,0.069877121962726
3.7525611816222377,24.099823882250433,0.0006488980452399775,0.11428392372766484,0.011428392372766483
4.05326244611142,22.18856608794632,0.00026526505660698797,0.04671848176962272,0.004671848176962272
3.571289420652644,28.16056016752831,0.0011637004093923327,0.20495091610217764,0.020495091610217765
4.1277872157281,28.60569919294376,0.00015494201645463497,0.02728838793799031,0.002728838793799031
3.8729636108564387,21.67699519677781,0.0004920842979118926,0.08666588654824252,0.008666588654824251
3.439512331998952,20.075070328,0.002698539453630752,0.4752667685734481,0.04752667685734481
3.1210044562667516,23.361299685293737,0.008416461210230873,1.4823071483458614,0.14823071483458614
3.0890314730057296,27.975108356807525,0.010951881878631154,1.928845436464519,0.19288454364645188
3.836884712686846,28.391738662343244,0.00045918601543846555,0.08087184103902255,0.008087184103902256
3.812804703042933,21.383290701160494,0.0005210841684347475,0.09177334374472773,0.009177334374472773
3.27127356499832,27.743359011830513,0.004360862119798716,0.7680350365389499,0.07680350365389499
4.230308646455031,21.157041673094295,0.00010906547189114568,0.019208610909468578,0.0019208610909468577
3.1788124013167405,23.90062590156529,0.005799115995859715,1.0213403091908129,0.10213403091908128
3.859541669109242,29.98609515011916,0.0004272355997915001,0.07524473383527899,0.007524473383527899
4.7380075268328135,21.925908232309098,2.411721695813236e-05,0.0042475242506662715,0.00042475242506662716
4.838562935054876,21.539635825776266,1.7290007646506474e-05,0.0030451161467027203,0.000304511614670272
3.170287976581802,24.228003325467935,0.006005893080447452,1.0577578893284052,0.10577578893284052
4.921678539658351,26.196685259698615,1.525366224575224e-05,0.0026864749947218846,0.00026864749947218844
4.3213776721416695,29.329007824132532,8.433692054137968e-05,0.01485341844574779,0.0014853418445747789
4.167222045853429,29.808211455330344,0.0001266569814952326,0.022306827580940367,0.0022306827580940367
4.5652058696056,20.696406365913948,3.7229025566531265e-05,0.006556775982777487,0.0006556775982777486
4.189224906597433,21.379975173479053,0.00010860457498106033,0.019127437745664347,0.0019127437745664346
3.362359380837784,27.90737973895994,0.002824135110967436,0.4973866757435848,0.04973866757435848
4.993984263315049,22.706321522708606,1.1180298111864673e-05,0.0019690741034616064,0.00019690741034616063
3.2813772051155836,28.848490595063605,0.005366267291740466,0.9451069954213309,0.09451069954213309
3.1743011874552396,26.634532572290865,0.006708238237204988,1.1814549183365426,0.11814549183365426
4.125039803314853,21.11844802380677,0.00016922448127761896,0.02980381564261425,0.002980381564261425
4.607775299454033,28.32529284924007,3.2130876059292654e-05,0.005658889891562623,0.0005658889891562623
3.6584769493509905,21.76356380008076,0.0009611105538528931,0.16927079074457152,0.016927079074457153
4.709945100239684,24.234953946796537,2.482672503847035e-05,0.004372482813775398,0.0004372482813775398
4.147837016172178,25.521849285593298,0.00016004197109441862,0.028186591949149006,0.0028186591949149005
3.0023475223882232,25.007661490802782,0.014548435634399203,2.5622704839303876,0.2562270483930388
2.9081658025507524,26.861629156151505,0.01927670314955779,3.395012958700118,0.33950129587001177
3.2995901562360546,26.52686734869255,0.0035313937290378746,0.6219490635581505,0.06219490635581505
4.224910045406873,29.920420055280548,0.0001062118522704987,0.01870603142188023,0.001870603142188023
3.4542285212829604,29.994219092241877,0.0018590653750707592,0.32741859385746214,0.03274185938574621
3.4720457083394796,25.16459402635641,0.002127360083279543,0.3746706578671931,0.03746706578671931
4.05861191534343,20.95199086960864,0.0001904923739272939,0.033549516896075,0.0033549516896075
3.648129460770122,27.278432989687182,0.0013029642325566746,0.22947806063788154,0.022947806063788153
4.9695889650558955,29.766640782165894,1.0849287762547808e-05,0.00191077656073992,0.000191077656073992
4.488539093712907,23.183263876290205,4.8965508999926175e-05,0.008623805445066999,0.0008623805445066999
3.761170406997103,24.61208885837574,0.0005404946503434282,0.09519191781848457,0.009519191781848457
4.582697571779137,24.247769248154558,3.4703981571591785e-05,0.006112065234388745,0.0006112065234388745
4.59615579835489,20.514191545569293,3.527708276408502e-05,0.006212999816410655,0.0006212999816410655
3.158867739220259,26.722644312234447,0.005751805063797641,1.0130079078360406,0.10130079078360406
2.973206313203637,23.533376950684676,0.01837125853099674,3.235546052479146,0.32355460524791463
3.792756662230604,27.87463874631502,0.0006834379843391865,0.12036709780181754,0.012036709780181754
3.210217054564235,28.321200752819863,0.005873948194256275,1.034519755972415,0.10345197559724151
2.971875145169115,28.212307865978453,0.01853794085761723,3.2649021438435466,0.32649021438435466
4.68631491198463,24.1666599803988,2.932691850049796e-05,0.005165056886307701,0.0005165056886307701
3.942375301232155,23.215456822408996,0.0003014466929370384,0.0530907915600712,0.00530907915600712
4.045139814243385,27.488207796670547,0.00019746492393900916,0.03477752240413829,0.0034777522404138292
4.754733799779235,28.013894338427228,1.8372262250868153e-05,0.0032357228276228994,0.0003235722827622899
3.389928793747114,24.91257446391366,0.003108777000305978,0.5475178052938888,0.05475178052938888
3.9734141027676104,28.93031019536303,0.00027006654605029717,0.04756412009037834,0.004756412009037834
3.8744114891838275,21.439086960785584,0.00035381715236126307,0.062314276873865655,0.0062314276873865655
4.6354317882973834,28.7906877965896,3.142105866605758e-05,0.005533876852266062,0.0005533876852266062
4.535788035606623,20.96095232971881,3.954193814067546e-05,0.006964126145335763,0.0006964126145335762
3.0904111849773273,21.53525522054614,0.009850129792479565,1.734804859051501,0.1734804859051501
4.941412850120895,25.338400132739604,1.403918812490537e-05,0.0024725818125583337,0.00024725818125583335
4.383793160289714,20.67518480187415,5.86695207063992e-05,0.010332875986811027,0.0010332875986811027
4.315393293329794,20.528071014001103,9.200168681492866e-05,0.016203337081845237,0.0016203337081845237
3.8213438692202755,20.005187441657057,0.0004146215682137945,0.07302315059381348,0.007302315059381348
3.658117474809246,24.363166596942634,0.0008615273536840631,0.1517321975308372,0.015173219753083719
3.914856170394771,27.7462388129223,0.00042447969472732505,0.07475936383537649,0.0074759363835376486
4.845493098591928,20.348383502799155,1.894875166111326e-05,0.0033372541425552675,0.00033372541425552674
4.400722651534303,26.522576064658555,6.369459762140401e-05,0.011217892533081674,0.0011217892533081674
3.1877525484433282,28.231273174161863,0.0060791333454820375,1.0706569648062965,0.10706569648062965
3.5670779747897554,21.68000848577871,0.001270699068561912,0.22379551995512392,0.022379551995512392
3.563941116292486,21.468637348214042,0.0013873686142387629,0.24434336033973092,0.024434336033973093
3.5244646659818333,28.60800973620536,0.001628061261311651,0.286734149342208,0.0286734149342208
3.3545719300954944,28.231246099500947,0.003292910772274904,0.5799474452130562,0.05799474452130562
4.883874265151552,25.38941766264187,1.5550988123026363e-05,0.0027388400282274033,0.0002738840028227403
4.111568345959592,28.191998792939803,0.0001621092028765594,0.028550672810619643,0.0028550672810619643
3.723884900389527,20.92756077424495,0.0006031711160332943,0.10623049695578379,0.010623049695578379
4.16393682056345,23.944815179387543,0.0001308899780515204,0.02305234293443377,0.002305234293443377
3.241860633553733,27.377975561063728,0.006120406699263029,1.0779260278742047,0.10779260278742046
3.8373306369015046,22.574519593239636,0.0003912814672311582,0.06891249200875159,0.006891249200875159
3.3414981162903894,27.52328914433553,0.0034393078045734434,0.6057308905414749,0.06057308905414749
3.176750468438847,25.04178604390814,0.006481137058578046,1.1414578587567654,0.11414578587567654
3.837894202609147,27.50265987948233,0.00046324622995788244,0.08158692602018226,0.008158692602018226
3.0903983040572327,24.646796378573296,0.010035116178749656,1.7673846614013895,0.17673846614013894
3.7210452035576345,23.679043402218177,0.0008659822766763216,0.15251679856823375,0.015251679856823375
3.2195606015332316,22.191892164786324,0.006395951857660754,1.126455041171212,0.1126455041171212
4.135369786319529,22.08379341435015,0.00013303001052803682,0.023429245454197847,0.0023429245454197846
3.8664184432012663,27.51490810571396,0.0004426861789676015,0.07796588983977398,0.007796588983977398
3.7595412611239274,21.189103480339604,0.000567095805836746,0.0998769133239677,0.00998769133239677
4.736802425174451,20.859823501109453,2.2204094267281426e-05,0.003910585082353605,0.0003910585082353605
4.059374862688106,21.7629136502213,0.00020664422470241571,0.03639418085458946,0.003639418085458946
3.073939864964175,21.753465114539217,0.010646682903793071,1.8750937930160356,0.18750937930160355
3.622183556847729,28.231076228069,0.0012071087366252581,0.21259599069444046,0.021259599069444045
4.5388081485837,23.985066234742124,3.852757921408525e-05,0.006785477251184694,0.0006785477251184694
4.1599825733433775,29.903884573604824,0.00013128756620958405,0.023122366160831943,0.0023122366160831945
4.506488820709865,21.372112577906123,4.288347118406341e-05,0.007552636944937248,0.0007552636944937248
4.963543549833332,26.535398256936432,1.2075811770973047e-05,0.002126791969103773,0.00021267919691037731
3.1043130726334325,24.487295072012508,0.011497926101637497,2.025014745020396,0.20250147450203962
3.9662355218383505,23.92918176697074,0.0003013590119143954,0.053075349178363325,0.005307534917836332
4.299924871013163,28.750841990540824,0.00010348222046265979,0.018225288667883643,0.0018225288667883643
3.723482030294708,29.755956458283997,0.0009440059511035445,0.16625832810835625,0.016625832810835624
5.000834763887159,28.728589587741787,1.0571526572442865e-05,0.0018618572599386374,0.00018618572599386375
4.318579705196263,21.92300679035133,8.269380045854411e-05,0.01456403213675879,0.0014564032136758789
3.4287177934539232,22.20797921208934,0.0020893463406587644,0.3679756775168216,0.03679756775168216
3.566656333836357,26.560738790950634,0.0012343554847360316,0.21739468797170988,0.021739468797170987
2.959660373747486,22.890835816381916,0.01737639285913215,3.060330310350354,0.3060330310350354
3.583037506718796,27.3472513078058,0.0011147575999553643,0.19633110850413876,0.019633110850413877
