pH,temperature_C,citric_conc_M,citric_g_per_L,citric_percent_wv
2.426529835012083,23.853694808571028,0.026356378430763407,5.063587424118266,0.5063587424118265
3.267667053498337,22.70696761495107,0.000870648194422579,0.16726893111246588,0.016726893111246588
2.200897706482283,25.219184707692534,0.06237388654916848,11.983271083826248,1.1983271083826248
2.50234101792543,23.14749618564381,0.012088340608257813,2.322411997658491,0.23224119976584912
4.433410815943546,25.64095137047223,2.6077375320790524e-05,0.0050099853466302755,0.0005009985346630275
1.9124810977955846,26.766523825096378,0.20523470159135118,39.42969086973039,3.942969086973039
2.3875626645784376,20.66079210919395,0.023133294292356322,4.444368499447497,0.44443684994474963
2.381712664307313,20.01067465022747,0.0298129004096234,5.727654426696848,0.5727654426696848
4.404526591589801,22.12277138840743,3.6835134198649015e-05,0.007076765982244449,0.0007076765982244449
3.205129679341205,28.94511497718781,0.0009788267860176838,0.1880522021297174,0.018805220212971742
3.4648445698939767,26.462907632285592,0.00043543894301965847,0.08365652973293679,0.00836565297329368
2.0398304735137143,21.719603519370228,0.12482490687120214,23.981361108095356,2.398136110809536
2.7568632667190482,28.902639618236186,0.007012676915376023,1.3472754889820415,0.13472754889820415
2.237001380340529,24.6995594028734,0.04331180973940817,8.321064887135098,0.8321064887135098
3.268941125266317,24.760917566786606,0.0009117814636254626,0.17517145479172389,0.017517145479172387
4.040376626065904,29.35541943842655,0.00010101715900240827,0.019407416587542678,0.0019407416587542679
2.8933288019893304,20.5948669218334,0.0028266026293526096,0.5430468971512233,0.05430468971512233
4.540427559142464,22.151782746287186,1.9145745074220515e-05,0.0036782805436592456,0.0003678280543659246
2.249545364145027,25.857713251547224,0.04551240445357313,8.74384314362047,0.874384314362047
2.7240544789048253,21.95486509582004,0.00619379238986688,1.189951393941225,0.1189951393941225
2.451422091303713,26.795270092089577,0.02242579310703469,4.308443371723505,0.4308443371723505
3.550747051004842,22.140922893367204,0.0003689816589558316,0.07088875631859437,0.007088875631859437
1.8792429756008104,20.991569705988145,0.195202451617774,37.50229500480674,3.750229500480674
2.125546378397452,22.069851596408398,0.08863298100689554,17.028168311044773,1.7028168311044773
2.361215953663169,24.227340342720623,0.027571161176148096,5.296971485161572,0.5296971485161572
4.141472070261024,21.761382991730798,7.249417113600936e-05,0.01392758015865012,0.001392758015865012
3.1728936757174195,21.346920249233474,0.0011558642631219166,0.2220646422309826,0.02220646422309826
4.633021724284989,28.60281886218941,1.5617540641363875e-05,0.0030004419080188276,0.0003000441908018828
4.265730037279689,23.203972035973077,4.807945708339182e-05,0.009237025294861236,0.0009237025294861236
2.6329654641617433,23.607586865182537,0.010449039557940003,2.0074694798714336,0.20074694798714338
2.472541384722714,20.552704095012277,0.019581624991175915,3.762021793304717,0.3762021793304717
1.889177967580916,23.57369623502054,0.18897006713445802,36.30492929787208,3.630492929787208
3.6559974676593523,22.648071773215797,0.0002755167982852148,0.05293228728655547,0.005293228728655547
3.4600437156239057,26.104850673417886,0.00043394221422093124,0.0833689781961253,0.00833689781961253
3.190410568164327,22.053902976724068,0.0011896978749330813,0.22856475573214358,0.02285647557321436
4.079219767768923,28.883654530628405,6.878019569501709e-05,0.013214051196926684,0.0013214051196926684
4.351424548246485,29.29666620919555,3.751915542087577e-05,0.007208180139458654,0.0007208180139458653
3.141084237892753,20.998310571767902,0.0012665308534195424,0.2433259075589625,0.02433259075589625
3.9484410817570996,21.074029562885773,0.00010067909958201646,0.019342468611697004,0.0019342468611697004
2.664494260549802,21.153264381109878,0.009132251355932205,1.7544881305016953,0.17544881305016952
3.2877516352092835,26.19569256310312,0.0008554831923974597,0.16435543092339996,0.016435543092339997
2.232015856736084,21.219689642096228,0.04791126377535706,9.204711996521599,0.92047119965216
2.611036030423481,28.523823179302664,0.012450068784753618,2.391907214926865,0.2391907214926865
3.672619745962497,27.542715149378925,0.0002402484281361518,0.04615652801351749,0.0046156528013517484
2.252377488091889,28.19808858238024,0.04770768270367313,9.16560000102968,0.9165600001029681
2.324088015689166,25.26060526886021,0.03606271835768442,6.92836945087833,0.692836945087833
3.4173769352279306,29.966772115191535,0.0005160056242836873,0.099135000537382,0.0099135000537382
3.783232219469047,20.441751029441612,0.0001881092792341416,0.03613955472646329,0.003613955472646329
2.5954493044143447,24.012649641861135,0.01039034881601327,1.9961938145324694,0.19961938145324692
4.289953076562509,23.23936668937636,4.146732089658077e-05,0.007966701690651098,0.0007966701690651099
4.125071063727228,29.48645498712641,7.648816727109227e-05,0.014694906696122247,0.0014694906696122248
4.755096987389026,25.768609584975927,1.0778075768346357e-05,0.0020706839166147024,0.00020706839166147024
2.28585557442932,28.061909654447252,0.030075007793947953,5.778010497373281,0.5778010497373282
2.703847672755818,21.703411936585187,0.008682419914714332,1.6680665140149176,0.16680665140149176
2.631930606145428,29.78634143900439,0.013086724913721665,2.5142215904242065,0.25142215904242066
2.360802196285037,24.986395468763153,0.02823724468284075,5.424939448467365,0.5424939448467365
3.156786118257599,24.936720762706457,0.0010675979418750703,0.2051069165930385,0.020510691659303852
2.895318083468304,29.708847285457377,0.0032646459279747444,0.627203775682508,0.0627203775682508
4.293553777751551,23.80732361217145,4.148611164140891e-05,0.00797031176854748,0.000797031176854748
4.388312844755823,23.97525024554993,3.207915537357053e-05,0.0061630473303703704,0.000616304733037037
2.613211075543811,25.847527028049367,0.009002043166131676,1.7294725330772176,0.17294725330772176
3.196201739213445,21.28052610547787,0.0012084960386166445,0.23217625893902974,0.023217625893902975
2.9297957887483936,23.210856264118547,0.0031502396301655924,0.6052240377474136,0.060522403774741364
2.365654159889162,21.932083224451304,0.024059962703231443,4.622400034544825,0.46224000345448246
2.7528295862978354,21.032834791070496,0.006389324924161074,1.2275171044298256,0.12275171044298257
3.007196124377253,28.6614460633102,0.0027978276052979417,0.5375186395298406,0.05375186395298406
2.935500857973328,25.89331166127476,0.0029627543913109213,0.5692043736586542,0.05692043736586542
3.7047134531176664,23.586727915279113,0.00022052581380995742,0.04236741934916902,0.004236741934916902
4.69554471822126,24.08669377366713,1.3684055558465773e-05,0.0026289807538924445,0.00026289807538924445
3.300285270200489,24.315190036873545,0.0008517082625205332,0.16363019139544482,0.016363019139544483
3.9793231997236345,26.331491821447095,8.881048747096684e-05,0.01706227085292215,0.001706227085292215
3.374035947055904,29.267693914889932,0.000639288077786068,0.12282002550425938,0.012282002550425938
2.1903611531768763,29.327796196569825,0.0591618279116271,11.366170378381799,1.13661703783818
4.017142277775611,23.914919795306634,0.00010814651464583957,0.020777108393758698,0.00207771083937587
4.593796586840069,23.292624595977696,1.810081452436165e-05,0.0034775284864203603,0.00034775284864203604
3.843430262916253,24.510465001852552,0.0001752737194087141,0.03367358697280215,0.003367358697280215
3.717632580712881,25.679342304284926,0.0001984652197331681,0.03812913801513625,0.0038129138015136252
2.6805091316470038,24.618179114497483,0.008426961215054382,1.618987788636248,0.1618987788636248
2.9458182172918557,26.58753409816701,0.0028978914488558155,0.5567429051541792,0.055674290515417925
2.339354306871175,25.543990233797636,0.029162858071519866,5.602768292700397,0.5602768292700396
2.662190366062889,23.207155466940762,0.008635069716287582,1.6589695938931703,0.16589695938931703
3.4122167655844025,23.457308057626328,0.0006255037642004457,0.12017178317818962,0.012017178317818962
2.2844981050163606,23.78592787559731,0.03962507527284079,7.612769461418172,0.7612769461418172
4.1527022972846686,20.94639768249389,5.4704153992047904e-05,0.010509762064952244,0.0010509762064952245
4.729114002880811,21.66062632413973,1.2600487946777226e-05,0.002420805744334841,0.0002420805744334841
4.456073982954654,27.231138021453862,2.5004118279832004e-05,0.004803791203921325,0.00048037912039213253
2.5031271878045955,23.8909671152208,0.015589361559729691,2.995028142855268,0.29950281428552683
3.203630430033901,22.145389725601436,0.0011002651511577129,0.2113829408404198,0.02113829408404198
4.172978984102619,25.626724105748572,5.1620387854160705e-05,0.009917308914541356,0.0009917308914541355
3.0435222322717057,27.55539542473427,0.0016391470104435545,0.3149129236464157,0.03149129236464157
4.271138563281588,22.574223623453715,4.712154201922806e-05,0.009052990652734096,0.0009052990652734096
2.56154100407496,28.267898819237445,0.011960134340860563,2.2977810095661315,0.22977810095661316
3.1762333075298685,29.275048596250496,0.0009375851886622464,0.1801288664457908,0.01801288664457908
3.48031082622335,25.973945290738406,0.0004831854180682963,0.09282958251928108,0.009282958251928108
3.7314355188141235,26.689476589915795,0.00021512131006743972,0.04132910609015652,0.004132910609015652
2.7217987136352533,20.525759903230554,0.006107297297883915,1.1733339568694579,0.11733339568694579
3.479920090277962,29.455198910219064,0.0003973852459340148,0.07634565344884292,0.007634565344884292
4.516959977425961,23.92484734264944,2.4401281965086478e-05,0.004687974291132414,0.00046879742911324143
4.391846560322812,29.239004005454298,3.323426568071819e-05,0.0063849671225795785,0.0006384967122579578
2.0240008795792925,25.789775247502426,0.17847922740033567,34.28942916815249,3.4289429168152488
2.0870992969726307,20.046187988433275,0.10373532046440642,19.929629767621762,1.9929629767621762
2.580505702265779,20.385419993234358,0.012379569189407729,2.378362832669013,0.2378362832669013
3.8430115251197243,26.804188056699218,0.00014967360863968036,0.028755293691855394,0.0028755293691855393
1.9604567684818335,25.62668013831933,0.19220274588327596,36.92599153909498,3.692599153909498
2.3964200204337778,20.265324372060743,0.02767444981068793,5.316815297629366,0.5316815297629366
2.564288423445485,27.434599612223852,0.014745334739412135,2.832873710135859,0.2832873710135859
3.2278707402483744,28.521453370691816,0.0009686744380619852,0.1861017330404686,0.018610173304046858
3.812466973020397,24.964174824393083,0.00015970102492668208,0.03068176090891416,0.003068176090891416
4.445665035296265,24.65757440357255,2.6671537566854294e-05,0.005124135797344047,0.0005124135797344047
2.1119675205372053,20.054731088346276,0.09761186098088302,18.753190731647248,1.8753190731647247
3.269215174298574,27.866497124935993,0.0010340253859094644,0.1986569571409263,0.019865695714092628
4.061558226172578,23.307160667461055,7.842347321350627e-05,0.015066717673778825,0.0015066717673778824
3.695161784174128,28.787636197825396,0.000225075528583423,0.043241510551447225,0.004324151055144722
2.886031396863937,23.73060587558053,0.0036320389288700622,0.6977873190145164,0.06977873190145165
4.160551573459384,25.650779106307056,6.044156495663404e-05,0.011612033459468532,0.0011612033459468532
2.2231669205202573,22.703417881993275,0.06112728906549373,11.743774775262656,1.1743774775262656
2.3584549413188562,21.605883125849186,0.0225245602980772,4.327418524466592,0.4327418524466592
2.4956563170696353,27.74907903381328,0.015136527885059542,2.9080297372776394,0.2908029737277639
3.2724963826491487,24.965904788462815,0.0008125521350795672,0.15610751619148647,0.015610751619148646
2.6812398613474655,25.36487923752251,0.005925228128967003,1.1383548281371407,0.11383548281371407
2.8347334255329177,29.654159534817353,0.0038169196929322014,0.7333066114061345,0.07333066114061346
2.665896115156931,29.635799122221535,0.007452843108122648,1.4318402179325231,0.14318402179325232
4.497538011338332,28.556421217024035,2.3618042482031856e-05,0.00453749832164796,0.000453749832164796
3.3797097747241795,21.876092927650337,0.0006884441558525536,0.1322638912223926,0.01322638912223926
4.6527994825908,25.9427269430158,1.5273362112718043e-05,0.0029343183290953907,0.00029343183290953906
3.0812836616763035,28.781474246555376,0.001525595577441402,0.29309742233804215,0.029309742233804215
3.6244545370250996,23.744639364489377,0.000287069173224571,0.055151729559904585,0.005515172955990458
4.316439658989167,21.01106165935585,4.3530826680469025e-05,0.008363142421851709,0.0008363142421851709
4.405226417389957,28.10962902239922,2.864449152114199e-05,0.0055031797110418,0.00055031797110418
2.82692992264267,24.817635513621717,0.003957209190345079,0.7602590296490965,0.07602590296490966
4.207086729263895,25.643926803591786,5.675719459555081e-05,0.010904192225697223,0.0010904192225697222
2.0298895881268635,29.821442963178445,0.12275266320649081,23.583241655231014,2.3583241655231015
2.8911329321253896,26.07211430494072,0.0037007541725766397,0.710988891635424,0.0710988891635424
3.568555655432908,24.249793856661015,0.0003413221998580629,0.06557482103673104,0.006557482103673104
2.8666549500374243,23.69984367847198,0.004091160073660151,0.7859936733515882,0.07859936733515882
4.69825031541813,24.176192926540455,1.261226565895815e-05,0.00242306847839904,0.000242306847839904
1.959765983704097,21.183990831786687,0.172516930559687,33.14395269912707,3.314395269912707
3.139696543665519,27.94750558417572,0.0013545068050966867,0.26022784739517546,0.026022784739517545
2.331712944337282,28.37716858187041,0.028819716507224154,5.536843935367904,0.5536843935367904
4.462917494943661,22.84397134573409,2.3209543558581077e-05,0.004459017508474597,0.0004459017508474597
3.1539455417800504,23.037966184099442,0.0014158910035804823,0.2720209796078823,0.027202097960788228
3.1111389939652816,28.743342563348133,0.0014754514211744987,0.2834637270360447,0.02834637270360447
1.9767834122409687,20.239703555279554,0.13969888215713858,26.838949240029464,2.6838949240029466
2.8937347412490673,25.204574437672278,0.00336541008246543,0.6465625850432585,0.06465625850432585
3.20562030251558,24.63675714681501,0.0012382922437932213,0.2379007058775537,0.02379007058775537
3.775689108015281,26.901267695784597,0.0001513674277583772,0.02908071022093943,0.002908071022093943
3.5754833556126435,21.633917001494545,0.00029210229438548705,0.056118692797339775,0.0056118692797339775
3.008778236573064,26.68330740795154,0.0020015756956992736,0.3845427226577445,0.03845427226577445
3.318977437633254,23.767340078748763,0.000870940837315468,0.16732515366504772,0.01673251536650477
4.742172033673178,26.18714778169642,1.2460210896287868e-05,0.0023938557173948253,0.00023938557173948253
2.2884119932136873,20.40095009872776,0.044896274527478096,8.625472262219091,0.8625472262219092
2.0688726055514612,24.617271971845092,0.09141776756132107,17.563181503881005,1.7563181503881005
4.266911569830802,25.222508939823722,4.1677434090301025e-05,0.008007068637428633,0.0008007068637428634
2.9578076481328477,22.143264028549865,0.002810863489343644,0.5400230935727008,0.05400230935727009
4.417425061874288,21.396236541791207,3.0192896329988257e-05,0.005800659242917344,0.0005800659242917343
2.6534738351851157,21.884743030123015,0.009360546633498269,1.7983482192276874,0.17983482192276873
3.7882897955379797,23.44141078063348,0.0001750061555614873,0.03362218260647294,0.0033622182606472943
2.6775109924921043,20.968101493049716,0.008215765698677647,1.5784129060299497,0.15784129060299495
2.5068619332718836,29.473197957296044,0.016342413508059806,3.13970448316845,0.313970448316845
2.4250956136484434,24.049940614958174,0.02497019387141681,4.797273646576597,0.47972736465765975
4.442925255306481,28.08969602506749,2.993746211178026e-05,0.005751585220915224,0.0005751585220915223
2.0088284125545823,29.744171231088465,0.11188512605601163,21.495370417880956,2.1495370417880957
3.907643567579591,20.80735280002739,0.00010412280033740556,0.02000407240082236,0.002000407240082236
4.705624656602487,26.51669467934994,1.4634015082396072e-05,0.0028114869776299334,0.0002811486977629933
2.9777858063339573,28.71409086741214,0.0028343136915642522,0.5445283464233241,0.054452834642332415
3.45894421028855,26.342344339667285,0.0004359899662690629,0.08376239231961237,0.008376239231961237
2.2014017973551265,24.290261213574126,0.04652331628640641,8.9380595249444,0.89380595249444
2.3107680224079425,24.310763576379383,0.037365560953682334,7.17867157042145,0.717867157042145
3.6974047294561094,20.358988860073588,0.00025220512427724125,0.04845364847614359,0.004845364847614359
2.0269595578834547,25.346007512892754,0.16286033590625335,31.288727734309393,3.128872773430939
3.775552913660523,29.935429967868473,0.00019313315920046237,0.03710474254559283,0.003710474254559283
3.0410925887712668,29.58707525971934,0.0018903947878686105,0.36318264664531746,0.036318264664531745
3.856327536049549,20.40399228842163,0.0001353211563599923,0.02599790055988172,0.0025997900559881723
2.0118723878246887,27.057970036294883,0.1371868801366822,26.356343411859385,2.6356343411859386
4.203064238334572,23.017648666969308,5.340311052136865e-05,0.010259805593365345,0.0010259805593365345
4.61760967724406,29.029891534061367,1.5794465651650392e-05,0.0030344327409950736,0.00030344327409950733
3.3482374007266453,20.451147457092784,0.0008377781033694253,0.160953929219334,0.016095392921933398
1.9368115328031725,29.358741020110806,0.24338846579852094,46.759792049211846,4.675979204921185
2.147495289866285,28.37475743787777,0.0873400662170546,16.77977352162053,1.6779773521620531
2.4222038890850386,21.175043822526014,0.020363266545144986,3.9121907686532547,0.3912190768653255
2.141105346205119,20.59824337317299,0.08655712236873292,16.62935434948097,1.662935434948097
2.1285223003892906,28.34707664326936,0.08892710362167387,17.084675147795984,1.7084675147795985
3.0548296041378356,21.557576709745796,0.001964961080840579,0.37750832285109204,0.037750832285109205
3.711111382249262,25.348981529758703,0.00024911874599415626,0.0478606934803973,0.00478606934803973
2.4127888894780627,29.157448578787097,0.02584014521362384,4.964408698441412,0.4964408698441412
2.6857336430139966,25.674481135493235,0.008405098032914787,1.6147874340835888,0.16147874340835888
3.4997542873118133,23.972333014728243,0.0004482983718945838,0.08612708320838744,0.008612708320838745
4.477271059270668,24.450160548539923,2.615427421727056e-05,0.00502475916262202,0.000502475916262202
2.4007018127959605,20.63117170703871,0.01998987517267226,3.8404548181737943,0.3840454818173794
3.862592195402875,29.68752321361599,0.00014456910100038415,0.027774615684193805,0.0027774615684193803
1.9930830935085266,23.106541850810828,0.13826559451332382,26.563586017899773,2.6563586017899774
3.898154523319207,21.893634916728537,0.00011616891724515368,0.022318372381138925,0.0022318372381138927
4.414536877451738,22.86047301840395,3.488109108489624e-05,0.006701355219230265,0.0006701355219230265
2.3059691374770774,29.64373194891479,0.0471539426322338,9.059215458504758,0.9059215458504758
4.2939226827053565,20.94286053488007,4.759010680574327e-05,0.009143011319519397,0.0009143011319519397
4.166536895938108,28.673030405011815,6.199632154213605e-05,0.011910733294675178,0.001191073329467518
2.8638524726563386,27.07843894401448,0.004459353886056911,0.8567310685892537,0.08567310685892537
2.153325461603945,28.30019179159028,0.07337772123583902,14.097327803829392,1.4097327803829391
4.102829103525073,29.758975403678964,7.383142019857948e-05,0.01418449244855109,0.001418449244855109
3.660056599745178,28.421546555168717,0.00023530471750781833,0.04520674232760206,0.004520674232760206
2.3927822377663164,29.43382351277853,0.027297909210758656,5.244474317570953,0.5244474317570953
1.9317368602676088,21.2693525679092,0.19745712220221093,37.93546231748876,3.793546231748876
3.0537795922292745,27.9578856516697,0.001634090266123433,0.3139414219276339,0.03139414219276339
4.285705341224853,25.45675694081048,4.325406826010762e-05,0.008309971594131875,0.0008309971594131875
4.759621014811393,25.434955950798606,1.152387109537843e-05,0.0022139661148441038,0.00022139661148441037
4.030989830720515,28.989215763205138,0.00010353320362833014,0.019890799081074786,0.0019890799081074785
4.357951516214752,29.718038186467112,3.825200488943435e-05,0.007348975179358127,0.0007348975179358127
2.6238325297152953,27.04838323043181,0.009891253612943813,1.9003076441187654,0.19003076441187655
4.3749115759950294,24.82938389471784,3.455410673817921e-05,0.00663853498653899,0.000663853498653899
3.078262950274522,24.564038579018455,0.001729729920294393,0.3323157122869588,0.033231571228695876
2.5762148233689164,23.863414572231818,0.011712240065838982,2.2501555614489854,0.22501555614489854
2.8390880744733233,23.615990295726625,0.0037028439748663217,0.7113903844513177,0.07113903844513178
4.080139129703232,23.915068416844314,7.63850523031341e-05,0.014675096248478122,0.0014675096248478123
2.2951475617294212,20.897532352511952,0.035828646797576386,6.8833996227503755,0.6883399622750376
2.4928502856839416,20.77436085260438,0.014524443881011517,2.790436158419933,0.2790436158419933
2.4883892323943053,27.798698438723118,0.01846329876485917,3.5471689587047437,0.3547168958704744
4.3456420922188865,24.46072892920226,3.795554762924518e-05,0.007292019810530584,0.0007292019810530584
4.306859550579031,29.306844885446203,3.523642277665236e-05,0.006769621543850451,0.000676962154385045
2.027259545845485,26.122210085939525,0.12584225022713855,24.17681311363786,2.417681311363786
3.433577348393339,20.351759821844198,0.0005718677646694435,0.1098672349482935,0.01098672349482935
3.75699153311119,21.575233413174793,0.00021389134807365975,0.04109280579191151,0.0041092805791911515
3.1585746244106705,22.058197930130078,0.0014439145092638116,0.2774048555197635,0.027740485551976352
2.6616765060936203,29.757360243896606,0.008508633560950343,1.63467867972978,0.16346786797297802
1.9414691137843565,22.18704226151635,0.16743829621542158,32.1682454689068,3.2168245468906798
3.74316113957554,25.157556762880514,0.00018454076763635142,0.03545397227829584,0.003545397227829584
2.047588071435736,29.36176931640196,0.12236388510345071,23.50854960607495,2.350854960607495
4.73310919254802,29.771927299143574,1.287890536320206e-05,0.0024742952983783798,0.00024742952983783796
2.9798350163624145,22.363604353835445,0.0028442996449569496,0.5464468477891292,0.05464468477891292
2.766754332615506,20.4911764375004,0.006341178721464039,1.2182672559676713,0.12182672559676713
4.421458106868446,21.536018325377587,2.93809967120149e-05,0.005644677088312303,0.0005644677088312303
4.26284258329339,20.63328478702558,4.171584249341676e-05,0.008014447659835229,0.0008014447659835229
3.3264535974470797,21.951242410923363,0.0007120086853849232,0.13679110863615143,0.013679110863615142
1.9491710866829144,25.685697147037352,0.18652843724243673,35.83584336301695,3.583584336301695
2.826039895536365,29.12448796295642,0.0043103058246194426,0.8280959550258873,0.08280959550258873
2.0011016735417697,25.3721888369434,0.1330339969504979,25.558491494129655,2.5558491494129654
2.3245591775999754,26.259895566990807,0.035914948416743066,6.899979889824678,0.6899979889824678
3.174650144487305,22.01867251609541,0.001163661534957652,0.22356265409606413,0.02235626540960641
2.3445281397117386,28.0058362067385,0.029420797829517634,5.652323679006928,0.5652323679006928
4.756959012312662,26.17788908505583,1.1990535664482525e-05,0.0023036217118603828,0.0002303621711860383
4.401549013537368,28.64136829192725,3.0368019226372404e-05,0.005834303853770667,0.0005834303853770666
2.265365759439226,29.488431070057842,0.046352640372644825,8.905269268392525,0.8905269268392525
2.342993131394958,23.479007757565924,0.033260711129200586,6.390047822142017,0.6390047822142016
3.9321782161123324,20.905790585354392,0.00010672645383166777,0.02050428631014001,0.002050428631014001
2.993862017782633,22.259289579167824,0.0022182045431641084,0.4261614568326885,0.04261614568326885
2.8491188033223955,24.37841565675837,0.004770785905080226,0.9165633880840129,0.0916563388084013
2.1339110237138152,29.45693651824473,0.0684551577648069,13.151604909774703,1.3151604909774703
2.7500827981681293,23.783098223734154,0.004631627623437451,0.8898282990148031,0.0889828299014803
3.300572666076413,27.7077321366537,0.0006661412630896433,0.12797905946478227,0.012797905946478227
3.479807679027267,25.404766921707548,0.000450706137224526,0.08658966308357594,0.008658966308357594
3.315997985824594,21.828087704309766,0.0007627791646672808,0.146545133115878,0.0146545133115878
2.684546217309584,23.207341189534517,0.007612637203657082,1.4625398595665986,0.14625398595665987
2.2057749601077106,26.531918850228188,0.06828237091113869,13.118409099447964,1.3118409099447965
3.1497044114749233,26.728533946848934,0.0010144349859113634,0.19489324949329115,0.019489324949329114
3.9239121800358068,24.347597468090463,0.00012458072910613176,0.023934449675870034,0.0023934449675870034
3.9988007646657766,22.286456026621146,0.00011118536969442701,0.021360933225693317,0.002136093322569332
2.4222455839886505,27.21906779512676,0.019832758275798244,3.8102695199463588,0.3810269519946359
2.276824176886728,21.688730416127147,0.04066623203470723,7.812796498507953,0.7812796498507952
4.4050925343983005,29.366696918651265,2.9196387089893528e-05,0.005609209887710345,0.0005609209887710345
4.542011410534402,21.879035790364767,1.9687480806751837e-05,0.0037823588125931633,0.0003782358812593163
2.8265460294459857,21.073123628325206,0.004240302049534177,0.814646829756506,0.0814646829756506
4.321798197668875,24.97647702365379,4.426757577173006e-05,0.00850468665726478,0.000850468665726478
2.3243307730146117,25.19549598109694,0.04415864328556103,8.483758548021985,0.8483758548021985
3.682744726581063,25.081929147782446,0.00023533106419506506,0.0452118040531559,0.00452118040531559
4.344485958961538,24.366674893388396,4.324281360973614e-05,0.008307809350702508,0.0008307809350702508
2.0471154181516797,29.948148928296085,0.11767643104372745,22.607995932120918,2.260799593212092
4.261300630120502,24.86280612670582,5.390762697181419e-05,0.010356733293824943,0.0010356733293824943
3.778909756408993,24.77946580739831,0.00018132712007632218,0.03483656630906302,0.003483656630906302
4.255882830864812,24.217660627145612,4.774976150364677e-05,0.009173684180080617,0.0009173684180080617
4.401482279221233,20.66825754701463,3.2394112149601063e-05,0.006223556826181357,0.0006223556826181356
4.830770478572727,25.92956631149616,1.2401500416891032e-05,0.002382576260093105,0.0002382576260093105
4.635197010995455,22.279677722231824,1.7573072812840812e-05,0.003376138748802977,0.0003376138748802977
4.154432348659133,26.3760898022905,5.914462758688596e-05,0.01136286585199253,0.001136286585199253
4.646097782925354,20.50833461948477,1.721662984152602e-05,0.003307658925153979,0.00033076589251539786
2.8341476204193556,29.813871012530015,0.004100677990089913,0.7878222554560742,0.07878222554560742
2.6011885459961643,24.690050790126723,0.0102037123833094,1.960337223081402,0.1960337223081402
3.4435346310110844,28.967553715906984,0.0005493468254844784,0.105540512112078,0.0105540512112078
3.6674969749268573,24.75561173232935,0.00025440207457027225,0.04887572656644071,0.0048875726566440705
3.090423180776632,20.60330818574222,0.0016982669881794236,0.32627105376903087,0.03262710537690309
2.15235805552928,28.22213546093807,0.07370922495763119,14.161016298860105,1.4161016298860105
2.217459965237745,26.481837296671344,0.05780984308447299,11.106427053388952,1.1106427053388952
4.666074577219292,27.81757047573945,1.5565381664834e-05,0.0029904211254479078,0.0002990421125447908
4.0926915847565555,24.281698635088734,6.341952288188368e-05,0.012184158736067492,0.0012184158736067493
3.971659498850955,26.37936744246645,0.00011127877350197253,0.021378877965198963,0.0021378877965198963
3.87705777934283,28.562290037966076,0.0001265590147363673,0.024314517911150888,0.0024314517911150886
2.854678729196732,26.310654428718877,0.003348484714018023,0.6433108832571426,0.06433108832571426
3.3431499182697553,23.476736348359033,0.0006916397125208231,0.13287782156950054,0.013287782156950053
4.63466319037917,26.625295943662,1.6508332595487113e-05,0.0031715808582449844,0.00031715808582449844
3.4599838041660087,26.718541886140674,0.0004480995337126459,0.08608888241687353,0.008608888241687353
3.0527746739888837,29.605869625066248,0.0020653232465491188,0.3967899021270167,0.03967899021270167
4.4005421660981145,23.709123215416692,2.814425848608513e-05,0.005407074940346675,0.0005407074940346675
2.236401017406388,24.250817675141313,0.0482932916512265,9.278107192033636,0.9278107192033636
4.604680629029894,28.12122961187059,1.6969593917644556e-05,0.0032601983834578724,0.00032601983834578725
2.035775675329997,25.057623147427414,0.12240553630845212,23.516551635579823,2.3516551635579823
4.458490278926619,27.36573093115733,2.7420797766931998e-05,0.005268083666982976,0.0005268083666982975
2.194738250708856,24.59709464453592,0.05353049829229612,10.284279331915931,1.028427933191593
2.1098551635590397,22.154951418127006,0.09766228835627681,18.7628788390079,1.87628788390079
1.9142120883356493,27.45203842781011,0.21364975945734693,41.04639178694549,4.1046391786945495
2.2657267553064018,21.3115516918471,0.0350715040260712,6.737937353488799,0.6737937353488799
2.317180215114878,21.98583663531308,0.027879869090604577,5.356280449686952,0.5356280449686952
2.7116750277436377,26.268249827842087,0.006914743582134666,1.328460536999712,0.1328460536999712
2.3704541847103866,27.472698001920698,0.027743668541562128,5.330113600204916,0.5330113600204915
4.318099062595441,28.946878868678148,3.932971154506575e-05,0.007556024182038032,0.0007556024182038032
2.992784601915524,22.725864974158917,0.0023411040640871086,0.4497729127924153,0.044977291279241535
3.061362388717331,21.107242586005544,0.001874412130719445,0.3601120585538198,0.03601120585538198
2.2208078374816,29.56046659522629,0.061726105533582175,11.858819395111807,1.1858819395111806
3.170006193227647,21.544230880221424,0.0011106397066009044,0.21337610043216576,0.021337610043216576
3.408486697865443,21.976669822546395,0.0005036114235504332,0.09675382669250922,0.009675382669250922
2.686682384061081,22.913294535584658,0.006712273728953472,1.289562028806541,0.1289562028806541
3.8545893672559948,25.293913540262874,0.00015058019782277374,0.028929467605711294,0.0028929467605711295
4.3395927696458605,28.82825566034078,4.14740432681415e-05,0.007967993192675346,0.0007967993192675346
3.1459853720917907,27.60546022729867,0.0012948443055262834,0.24876548797770956,0.024876548797770955
3.2678978618824215,27.08157553842635,0.0006960669431138252,0.13372838111102808,0.013372838111102809
3.9154950468477057,21.751805678560036,0.00010664957696900626,0.020489516727285485,0.0020489516727285485
3.4757209786529253,23.576826315259744,0.0004211164443624518,0.08090489129091424,0.008090489129091424
3.48764751411387,24.78404926086678,0.0004163462220819987,0.07998843618639359,0.007998843618639359
3.621932446561407,21.474259534855857,0.0002802401744788143,0.0538397423208698,0.0053839742320869795
3.462958647711478,22.734297021266727,0.0004755883771389332,0.09137003901593185,0.009137003901593185
2.594036176192879,23.083332039528443,0.010739537700658391,2.06327998305049,0.206327998305049
3.7708147175123865,21.272761983290394,0.00020520787239268208,0.03942453644408208,0.003942453644408208
1.9619719168855572,25.502396919082578,0.15629750165800768,30.027876018536436,3.0027876018536435
2.030783424924336,27.05028196524193,0.11226858432723334,21.56904042094807,2.156904042094807
3.164439784333312,20.699316314768613,0.00133543911660209,0.25656456308159353,0.025656456308159353
3.5851780062843783,24.8112310176315,0.00028271999606676055,0.05431616564434604,0.005431616564434604
3.0070650133089956,27.82211195267795,0.002326064595515217,0.4468835300903835,0.044688353009038354
2.2164278005689515,27.47990128952447,0.056316720998529815,10.819568438237548,1.0819568438237548
2.681991358365625,28.15073096218754,0.0076636567592735655,1.4723417365916374,0.14723417365916375
2.364547966733859,24.48240633170607,0.035926249324286036,6.902151020181833,0.6902151020181833
2.9842163879233823,28.205570826398606,0.002262728568798674,0.4347154126376012,0.04347154126376012
2.79827072532179,22.407530712142695,0.0062732980444558705,1.2052260203008618,0.12052260203008618
3.762937428549629,23.60810561417515,0.0001877793427683667,0.03607616733265861,0.003607616733265861
2.4446422928168596,21.76355576417801,0.017710375830271498,3.40251740451176,0.340251740451176
4.077272140867639,24.674845394285718,7.845638647323564e-05,0.015073040969238031,0.001507304096923803
2.5486920973723035,23.920600224154434,0.011776269322085227,2.2624568621590138,0.22624568621590138
2.16251300483085,22.40927116414312,0.06373504283130864,12.244776428751017,1.2244776428751016
4.3420160135956065,27.517807092307816,3.836140817054886e-05,0.0073699937377258475,0.0007369993737725847
2.8008970283166454,23.138467721116466,0.005194675857397352,0.9980011257231793,0.09980011257231794
4.446090767900237,22.728043301458356,2.632226197536587e-05,0.005057032970707291,0.000505703297070729
2.534850311199867,21.308903308504952,0.016131066328728936,3.0991004630754033,0.3099100463075403
4.538118110229832,24.38821701801949,2.3629798986470786e-05,0.004539756981280767,0.00045397569812807674
2.0548551850746617,23.02964628837302,0.13704210356721233,26.328528937332834,2.6328528937332836
4.326704911034985,23.692728413409686,4.048955938939922e-05,0.007778854149891379,0.0007778854149891379
2.0002998351103836,22.359972626205526,0.17308151458205753,33.25242058150489,3.325242058150489
2.2687580145654493,27.631554898199006,0.03466634527837102,6.660098254880641,0.6660098254880641
2.82877538568506,29.300033473547174,0.004207987681027285,0.808438593278962,0.0808438593278962
2.3424436680922933,24.97931852788888,0.028787141495552657,5.530585624125576,0.5530585624125577
2.342401916214247,26.429984233408327,0.03268944809326252,6.280296767677595,0.6280296767677596
1.9715712020136125,28.67172276606706,0.1518586789890329,29.175089407373004,2.9175089407373003
3.8873123752349548,29.98829637333659,0.00013181184044080426,0.025323690785487313,0.0025323690785487313
2.904286507678425,26.13516484729832,0.004056350342534347,0.7793060278076986,0.07793060278076987
4.459833768995607,28.897794665398685,2.6309794337285572e-05,0.005054637688079304,0.0005054637688079305
2.7920145986154816,29.08608246555642,0.0052899600727676355,1.0163071291801182,0.10163071291801182
4.180829602540915,27.914514878076222,5.716201954416598e-05,0.010981967194825169,0.0010981967194825168
2.9171011008290613,24.609313910731103,0.0031410995653084546,0.6034680484870604,0.06034680484870604
2.894919048335817,20.811540004238992,0.0033895564573500534,0.6512015865860923,0.06512015865860923
3.207347429454324,20.15805555440134,0.0011472402518860091,0.22040779719234008,0.02204077971923401
3.0659377410662554,24.772006332829246,0.002041890496260351,0.3922880021415387,0.03922880021415387
2.4624818589212008,24.943145335346177,0.023798050612720712,4.572081483715904,0.45720814837159035
2.338344893271623,24.073623878629725,0.034092719631331744,6.549893295571455,0.6549893295571455
3.1351841281031043,25.681673512913648,0.0014973289201450635,0.2876668321382696,0.02876668321382696
2.7882555295190232,25.521627033044272,0.004468924437970661,0.8585697630229233,0.08585697630229233
2.019891979542409,28.36613041032693,0.1306363873317659,25.097862734178868,2.5097862734178866
4.403290483228796,21.086571032622626,3.382380494720468e-05,0.006498229406456963,0.0006498229406456963
4.410627446710688,22.251776661055455,3.293045726562174e-05,0.006326599449871249,0.0006326599449871249
4.498018653362118,27.930049789596303,2.4415961566453495e-05,0.004690794536147046,0.00046907945361470457
2.6996870308480783,28.478368672236545,0.008086409303101531,1.553560955311866,0.15535609553118662
3.352322659087266,29.948242136208677,0.00070835129056397,0.13608844994314992,0.013608844994314992
2.4242293232674794,28.729120163870842,0.02645456711059865,5.082451433288213,0.5082451433288213
2.6482142625018565,28.89899007072331,0.009264945027466843,1.77998123867693,0.177998123867693
3.60272007820717,23.14347942629905,0.0002983176105737754,0.05731277934343373,0.0057312779343433725
2.108070948811345,24.016616340093762,0.09349322468512702,17.961918326506606,1.7961918326506605
2.3284731804876486,22.68085104820551,0.023463461893029173,4.507800298888765,0.4507800298888765
3.843032426932217,26.062993981927157,0.00015695112710472817,0.030153450539360378,0.003015345053936038
3.4021476288727004,29.388053542070384,0.0004071258877374345,0.07821702555211592,0.007821702555211592
3.627020549174973,23.446408865116176,0.00024537183597877403,0.04714083712824207,0.004714083712824207
4.2509873988341536,25.570017818814502,4.9732865942241474e-05,0.009554678204823433,0.0009554678204823433
4.2874506187388715,22.96299630453485,4.499896310895223e-05,0.008645200792491902,0.0008645200792491902
1.9764641140982606,21.697999737727073,0.13730406280198465,26.37885654551729,2.637885654551729
3.2568467893889683,21.95185529818656,0.0008620567254695151,0.16561833809720325,0.016561833809720324
3.4904624885752833,20.5794534453813,0.0004946222135379467,0.09502681966491032,0.009502681966491032
2.4810600366017397,29.492935230092574,0.016796192072280662,3.226884420926561,0.32268844209265607
3.0144987326296366,24.028796085076294,0.002781181606023366,0.5343206101492091,0.05343206101492091
2.0112507398589763,28.34120892002108,0.13732156422856934,26.38221891959274,2.638221891959274
2.3862184537017153,26.813294726896913,0.028114644933964848,5.401385584713327,0.5401385584713327
3.2030732397545236,21.919211614110854,0.0013146600732296323,0.25257249326887693,0.025257249326887693
3.4757953458595687,21.754622465790877,0.00046079618281819745,0.0885281626430321,0.008852816264303209
1.8662182396697355,28.119882015105446,0.22956804118091895,44.10461207167815,4.410461207167815
2.521320527079503,22.647117106195374,0.014876482069265746,2.858069735147335,0.2858069735147335
1.9758520755751423,29.132851837019757,0.1600591098242886,30.750556179442324,3.0750556179442325
4.338704443264047,21.400554046894907,3.339452813810444e-05,0.006415756745892625,0.0006415756745892625
2.2010799036396205,26.777086144544697,0.05745910566335362,11.039043380043497,1.1039043380043496
2.7035681026544838,28.144738760309338,0.0065443507435943874,1.2573006648593537,0.12573006648593538
4.3948543778504,22.35256388415645,3.458548085693896e-05,0.006644562582235113,0.0006644562582235113
2.8536631128035435,22.76207363456566,0.003981991786261818,0.7650202619766204,0.07650202619766204
2.5940290069934915,29.645188861392015,0.010778192447328132,2.0707063329806807,0.20707063329806807
4.764861993515999,22.64597605346158,1.1333860726908423e-05,0.002177461322853646,0.0002177461322853646
3.235321757122286,24.299570499000477,0.0010187916840265117,0.19573025833517343,0.019573025833517343
2.2859892019746555,24.325155932423662,0.044490351760589485,8.547486380244452,0.8547486380244452
3.7146145402888284,22.530347499296838,0.0002020630443924273,0.038820352088673134,0.0038820352088673135
3.1847397685003025,27.757910864370906,0.001063610268561052,0.20434080479594932,0.020434080479594934
3.297944693112441,27.718493432291552,0.0009016301827988837,0.17322119071932154,0.017322119071932155
3.7094570936849967,23.783180142237857,0.00021603248940758884,0.04150416186498597,0.004150416186498597
2.009342798371299,28.351257910807337,0.11468673212965072,22.033614976748495,2.2033614976748495
2.384930769257797,22.130749343990026,0.028400084786632012,5.456224289207742,0.5456224289207742
4.422253555709221,20.043057756676788,3.081773927416384e-05,0.005920704069352357,0.0005920704069352357
1.8267715691677902,25.71167362055741,0.25520735569041514,49.03043717524256,4.903043717524256
2.1491159837577447,29.940777724523784,0.07692439821922481,14.77871538587747,1.477871538587747
3.8066168385518484,20.386443098268845,0.00017983544560049372,0.03454998580876686,0.0034549985808766857
2.251801561020469,22.079980737084604,0.050012997221973846,9.608497026285615,0.9608497026285615
4.442483941528486,25.18914642487084,2.953754055125852e-05,0.005674752290707788,0.0005674752290707787
1.8258735353138755,28.09940736444871,0.2606411053098489,50.07436915212817,5.007436915212817
2.6633581730249305,20.89042005075053,0.008756418978656855,1.6822832141795552,0.16822832141795552
2.6835670684176085,23.952346537588944,0.007473990969417113,1.4359031450444157,0.14359031450444157
4.4672313789351215,27.470758006298865,2.5104294052720418e-05,0.004823036973408646,0.00048230369734086464
2.1271834448159392,23.715432084063615,0.09223327359261847,17.71985652261386,1.771985652261386
4.750870971561255,21.88836420475639,1.3433148140388733e-05,0.0025807764207314834,0.00025807764207314834
3.990890171701509,21.95495827396587,0.00011600054149682537,0.02228602403237009,0.002228602403237009
4.3298668382031815,24.100487869149944,4.2870316345502183e-05,0.00823624517629788,0.000823624517629788
2.3790974932319373,24.79417074805891,0.027121537008656552,5.210589690103097,0.5210589690103097
4.1009306415971265,28.61814417816014,7.517313880079217e-05,0.014442263426408192,0.0014442263426408192
2.0927698065870506,26.422524185679936,0.10593048578664446,20.351364929330135,2.0351364929330136
2.6807508128887236,26.904019545155016,0.007956263425410786,1.5285573292899204,0.15285573292899204
4.684085106399465,29.82987171535907,1.4449046222671204e-05,0.0027759507602995916,0.0002775950760299592
4.818179513312522,24.118434403009736,1.0568171852020835e-05,0.002030357176210243,0.0002030357176210243
4.621561328841462,24.033544032491285,1.6917180893853432e-05,0.0032501287933271216,0.0003250128793327122
2.7843433867533935,29.23346967725812,0.004766386822636853,0.9157182363649922,0.09157182363649921
2.311335975446328,22.458755870050588,0.03487784184341028,6.700730974955983,0.6700730974955983
3.964211021349468,27.298152463028664,0.00011334528718117072,0.02177589657324652,0.002177589657324652
2.211464564750746,27.545731382181344,0.05680506821706498,10.913389705862524,1.0913389705862524
4.613145093436884,20.97787997445443,1.79046227750696e-05,0.0034398361275463714,0.00034398361275463714
2.3450961056008066,24.68231405693584,0.03469446805018461,6.665501201801468,0.6665501201801468
2.0191614448540225,22.00562471321554,0.126140864000087,24.234182791696718,2.4234182791696717
2.4161861966182947,21.85375272802486,0.025865395534478034,4.96925979008392,0.496925979008392
2.5841482501193864,24.63828110462876,0.012181306341550189,2.340272574338622,0.2340272574338622
2.2009932077141308,22.89429707508065,0.05056762613774214,9.71505233358302,0.9715052333583021
4.708788038526482,27.96060447625871,1.5047652175482503e-05,0.0028909549359536985,0.00028909549359536983
4.0624002984468826,29.076048913904824,7.796091531239475e-05,0.01497785104981728,0.001497785104981728
4.306553738258197,28.027206052883656,3.5658466517846594e-05,0.006850704587408688,0.0006850704587408687
3.050701063216895,22.660308726216652,0.001698349143907111,0.3262868375274342,0.03262868375274342
2.4274396739280726,22.741343936886082,0.019666701548689377,3.7783667015342033,0.3778366701534203
2.745474716548246,22.547283501174675,0.0060904916627590264,1.1701052582492641,0.11701052582492641
2.1991481835034716,21.35038096056236,0.05780953298654474,11.106367477374976,1.1106367477374977
4.236037927193203,29.43798368103711,4.8533479318965884e-05,0.009324252046759726,0.0009324252046759726
2.5022029038232487,24.020477981570693,0.017661404054298595,3.393108946911846,0.3393108946911846
4.119211371969934,22.24689474545874,7.132526430073619e-05,0.013703009777457437,0.0013703009777457438
3.84023794300347,28.466710505082435,0.00015730904003631794,0.030222212771777404,0.0030222212771777402
2.556119363891503,23.991953026577903,0.013733421896874407,2.6384650148275113,0.26384650148275113
1.9293655341850005,20.351168111096666,0.2150330174775143,41.31214331778005,4.131214331778005
2.7283535593044546,21.619415702496312,0.005046877208793817,0.9696060493534682,0.09696060493534682
4.602001070471699,26.3925034035617,1.7413713392987676e-05,0.0033455226170607923,0.00033455226170607923
2.7138234622892137,27.82905274171724,0.005297679089551059,1.0177901066845494,0.10177901066845493
4.658531777630261,22.109343884887128,1.5388257252158532e-05,0.002956391983284697,0.00029563919832846974
2.1306604828929157,29.17395589266142,0.08089544050502863,15.5416320298261,1.55416320298261
2.575990351343921,28.509971200521644,0.013687874673623203,2.6297144822964897,0.26297144822964896
4.216767100862722,28.48380754061081,5.8240498177366206e-05,0.011189164509835595,0.0011189164509835595
4.483133363038077,22.27661146799214,2.5433541963242752e-05,0.004886292081978198,0.0004886292081978199
4.1284192258649774,20.505359886500578,6.474658571006878e-05,0.012439114046618413,0.0012439114046618413
1.9258397888417398,28.674235394825835,0.21464468233940667,41.23753637104681,4.123753637104681
3.2001124166518213,23.058002287385673,0.0010637462440711942,0.20436692841095783,0.020436692841095783
2.3649497485099467,26.18916381173526,0.02921714606136724,5.613198101309874,0.5613198101309874
2.75711785526086,27.5996688370073,0.0065001723521097765,1.2488131122873303,0.12488131122873303
2.878051904636407,21.2829325851112,0.0033889575024608656,0.6510865153727815,0.06510865153727816
4.306932989852798,27.80838354519048,4.380016288990512e-05,0.008414887294408572,0.0008414887294408572
2.0090426773840915,29.38511458961066,0.15185464635288698,29.174314657316646,2.9174314657316645
3.695207224624884,27.283749657464092,0.000214750624634054,0.04125789000469445,0.004125789000469445
2.9090294348899675,24.41222748480558,0.0035878650026117606,0.6893006243017714,0.06893006243017714
2.5896621374364863,28.766781387517028,0.012388241843807492,2.3800290230322956,0.23800290230322957
2.697962677737531,25.27457630072559,0.007406457689114434,1.422928651232665,0.1422928651232665
1.978254904568988,27.44770927816754,0.14369024684501525,27.60577022386433,2.7605770223864328
4.2449671263354665,28.20505943858604,4.530022253285194e-05,0.008703078753011514,0.0008703078753011514
3.055064935615001,27.49352861699006,0.001765708891329531,0.3392279922022295,0.03392279922022295
3.3995359900635087,22.87854876048154,0.0006107057472304595,0.11732878815791588,0.011732878815791587
3.1411171315003497,21.178439009058312,0.0012468832311326836,0.23955120636521118,0.023955120636521117
4.390084223447965,22.383385293620602,3.3646621740584184e-05,0.006464188968801033,0.0006464188968801033
4.285612274083498,25.02874936980353,3.914697203784748e-05,0.007520916267911257,0.0007520916267911257
3.7988814783046108,25.05276922293096,0.0001694704225676803,0.03255865758370274,0.003255865758370274
3.7155162979975174,25.826443493145376,0.00022222573364015115,0.04269400794694584,0.004269400794694584
3.382194773692721,23.95101837547891,0.0007786319214896428,0.1495907647565902,0.014959076475659019
2.751717967789807,27.868913814500278,0.005018396341279164,0.9641343050865531,0.0964134305086553
2.7762422681912917,29.131537503472078,0.006383526990570876,1.2264032054284766,0.12264032054284765
3.36330423515882,22.46725053479471,0.0006610041146456193,0.12699211050571638,0.012699211050571637
3.3806399572870105,27.365232177018882,0.0006409458555570304,0.12313851776961668,0.012313851776961668
4.023833939587189,26.77971852545045,9.160476986675361e-05,0.017599108386800705,0.0017599108386800704
2.8658389849739137,25.23090499279315,0.003983947603301109,0.7653960135462091,0.07653960135462091
3.6652043222283903,21.885302338741603,0.0002519537508008694,0.048405354603863034,0.004840535460386304
4.724161540178103,27.952322585827094,1.4433925770140856e-05,0.0027730458189594615,0.00027730458189594617
3.3245530917375614,29.606262856288325,0.0007068515182735003,0.1358003136907049,0.013580031369070489
3.203858709638474,27.218363322336135,0.0012464257825922345,0.2394633213516201,0.02394633213516201
3.972316462463283,29.17859996625734,9.933915865727661e-05,0.019085039161235984,0.0019085039161235984
2.8928575717138645,29.841852649479996,0.0033905024645402306,0.6513833334874691,0.06513833334874691
2.88045873590998,23.52050674239238,0.003167464819228145,0.6085333410701113,0.060853334107011124
2.576876467161665,26.38223552926337,0.012672130610661919,2.4345697329203677,0.24345697329203678
2.7415151918589546,24.73932737638078,0.007310251041475708,1.404445430088313,0.1404445430088313
2.684484092718927,29.8662874686323,0.007651632617724775,1.470031658517284,0.1470031658517284
3.6667384794254754,20.93807824007725,0.0002498426346945185,0.0479997669775109,0.00479997669775109
2.3235951533041903,24.123749142972244,0.03023085437020661,5.807951741604094,0.5807951741604094
2.950825646869319,28.75539044527236,0.0026743495780411704,0.5137960409332697,0.05137960409332697
3.2502544779788844,22.840513105265153,0.0008069905009581153,0.1550390150440731,0.015503901504407312
2.72679761646463,27.877928506388727,0.005847566450772301,1.1234344665223746,0.11234344665223746
3.530034212751833,23.827831627802556,0.00039274025545459073,0.07545325787793597,0.007545325787793597
3.0983524761636074,29.799785398901584,0.0018463220704418165,0.3547153961732818,0.03547153961732818
2.562840471610778,28.835298364237076,0.018040108411406745,3.465865627999464,0.3465865627999464
2.107988548248277,23.013203576626154,0.08277529921694281,15.902790485559052,1.5902790485559053
2.0889082510025396,27.70193113537855,0.11778034226953876,22.627959356823787,2.262795935682379
3.091922202714943,23.368565438332688,0.0016828969731552154,0.32331816648258,0.032331816648258
3.0330410525573024,26.063628402155352,0.0019934989311939295,0.38299101466097774,0.038299101466097774
2.340555257686094,26.58480768393292,0.03431051331892893,6.5917358188326265,0.6591735818832627
3.6805452170264017,28.29595409085705,0.0002453985868699531,0.047145976509455394,0.00471459765094554
2.242746515785594,20.24450840882015,0.050260874599271164,9.656119228011976,0.9656119228011976
3.099524342278396,22.201578911522997,0.0015279392159681302,0.29354768217179716,0.029354768217179715
4.347240861777695,27.119178105885787,3.2515221852602224e-05,0.006246824422321939,0.0006246824422321939
4.5024459262433965,25.635232369695373,2.0820992612293708e-05,0.0040001291006738675,0.00040001291006738673
2.2482634350354895,24.95605078201143,0.052675660847195764,10.12004796196325,1.012004796196325
4.600726170354464,20.552099567079804,1.760395268947219e-05,0.003382071390701397,0.0003382071390701397
3.778219747393782,23.48275883461456,0.0001739011875315293,0.03340989614855741,0.003340989614855741
3.6119842932822817,28.65100231910648,0.0002998159815667685,0.05760064637860757,0.005760064637860757
4.20546973347746,20.30892837036032,5.816147980263613e-05,0.011173983499682454,0.0011173983499682453
3.6860100408097938,23.96436235364812,0.00024401060095764703,0.04687931665598315,0.0046879316655983145
2.4444108729742595,29.451482876707725,0.019173488835942755,3.6836106751613222,0.36836106751613223
4.796044818241688,20.508807345450148,1.1611763143906978e-05,0.0022308519352074088,0.00022308519352074086
2.3107018548367027,27.497057510446368,0.04530086934220005,8.703203018023473,0.8703203018023473
2.209596081639419,22.576126161820365,0.06108608106977651,11.735857895125463,1.1735857895125463
3.5144046079385753,28.666088321536726,0.000441973421593455,0.08491193375653458,0.008491193375653457
4.289211697550547,27.46067978959365,4.774952039943135e-05,0.009173637859138752,0.0009173637859138751
2.8534170911251433,28.85705170858363,0.0045260005575351574,0.8695352271136545,0.08695352271136544
4.393726764194037,22.15924790431266,3.3802801640550015e-05,0.006494194251182469,0.0006494194251182468
3.5271619959753755,25.31292754818605,0.00041015081226384236,0.0787981740521294,0.00787981740521294
1.976014660341182,27.792699435748005,0.1722887736003444,33.10011918409816,3.310011918409816
1.8433322371905076,22.45699742994981,0.2511614425780413,48.25313634809329,4.825313634809329
2.4145288167220316,22.30746305267217,0.025864472159848245,4.969082391350045,0.4969082391350045
3.6499930167289545,20.27182133497585,0.00023683717591880429,0.045501158237520684,0.004550115823752069
2.574785684786205,29.585152939754522,0.010951649027471363,2.104030811157798,0.21040308111577982
2.593965887542424,27.100168800546236,0.013118861147656336,2.5203956036877355,0.25203956036877356
3.4600072770948156,26.355603540101846,0.0005179171504752922,0.09950224294931313,0.009950224294931313
2.7607265077517527,27.439947226949908,0.006803427558520839,1.3070745025430235,0.13070745025430236
4.765718084527899,25.31612918695439,1.115362890268898e-05,0.002142835184784607,0.0002142835184784607
4.016596672894879,24.761338210904103,8.395273537402392e-05,0.016128999520057478,0.0016128999520057478
3.016901236398637,24.495322411235207,0.002093583559014288,0.40221927335782504,0.040221927335782504
4.218211088862045,26.404392121036413,5.29396133207325e-05,0.010170758511179129,0.0010170758511179128
4.209698460690832,22.015349753923832,5.4113840348181193e-05,0.01039635100769257,0.001039635100769257
2.2759648263986114,28.880586950148697,0.04971242676825154,9.550751430716486,0.9550751430716486
1.8797739079153777,28.11752371219265,0.23548750690395004,45.241859826386886,4.524185982638689
2.949681159374122,23.495636114520337,0.0028667173302124377,0.5507537334804136,0.05507537334804136
2.2058334485932924,25.786092968125246,0.05113146197963898,9.82337647552824,0.982337647552824
1.9014247752311644,21.410272999500148,0.23835362227957524,45.792497912352,4.5792497912352
4.295697076217913,29.72346247933598,4.225263786500558e-05,0.008117576786624872,0.0008117576786624873
3.224377258505595,29.028926876302833,0.000957735555231892,0.1840001548711511,0.01840001548711511
3.4125783591902183,29.218975064992005,0.0005434647796899037,0.1044104534740243,0.010441045347402431
4.5140729985050925,23.321630477034518,2.2584882410096665e-05,0.004339007608627771,0.0004339007608627771
2.4255585210735453,21.691347073828556,0.021805164318083853,4.18920816879027,0.41892081687902694
3.3439453823471146,22.117721634663102,0.0008266150359975009,0.15880928071583988,0.015880928071583988
3.1810736973695404,20.900013910450898,0.0011869298420942892,0.22803296126315487,0.022803296126315487
4.255312450484323,21.201106301013844,4.634197560453279e-05,0.00890322035314284,0.000890322035314284
4.089948406697009,20.713045341848453,6.305155515874436e-05,0.012113464777097967,0.0012113464777097967
2.0510631062828555,29.898230692048735,0.10218755543328277,19.632273149842288,1.9632273149842288
4.641128379117726,20.740576833690735,1.575248131944684e-05,0.0030263667110921274,0.00030263667110921275
3.9450273875883552,21.325420809514135,0.00010695647946957033,0.020548478835693853,0.0020548478835693855
3.7975378825798485,28.272545955907365,0.00019538995820251126,0.03753831876986646,0.0037538318769866465
3.118189752954077,25.80240216742943,0.001467821137184853,0.28199779687595394,0.028199779687595395
2.8960749437300084,27.744172045693325,0.003909197971359553,0.7510351142575974,0.07510351142575974
3.1160754904942,26.30912007772655,0.00151475255342031,0.29101426056310997,0.029101426056310997
4.505887442440529,28.82175070328948,2.3539095926455387e-05,0.0045223311093906095,0.00045223311093906096
3.924252973180093,26.384675277647407,0.00011940160013206274,0.022939435417371895,0.0022939435417371895
2.225057586629719,25.22125092903151,0.05353781721691437,10.28568544371359,1.028568544371359
2.7760832985081776,27.127496937612996,0.006578729899815046,1.2639055883524668,0.1263905588352467
2.625529697136926,24.473927517921094,0.0074001206697577055,1.4217111830738505,0.14217111830738505
2.582059125560426,23.460638229047348,0.009168502096996463,1.7614526228749605,0.17614526228749605
2.399207754955895,24.676524524502124,0.02355219260020613,4.524847242351602,0.45248472423516023
4.600168165239724,21.697141050985607,1.806506336379998e-05,0.003470659973453252,0.0003470659973453252
3.524374749879085,27.965717298026913,0.0004172622171708834,0.08016441716287012,0.008016441716287011
2.9982731561447893,22.607037813359447,0.0024249973249202113,0.465890486063671,0.0465890486063671
3.5856259318342523,21.535315463370473,0.0003133124525422975,0.0601935883824262,0.00601935883824262
2.2534377134484407,22.463522417832266,0.054025229435384736,10.379327079126115,1.0379327079126115
3.1761402607427933,28.4207015177224,0.0013582211469008842,0.2609414467425979,0.02609414467425979
2.407331880270561,23.302012955977315,0.02496513652607183,4.7963020293889205,0.479630202938892
2.2341843433764765,26.860498695059,0.05833223068443334,11.206788159093334,1.1206788159093333
3.0894903939320013,28.564096306557392,0.0017028576880431083,0.32715301902684196,0.03271530190268419
2.0554161421545656,20.77744666925042,0.10476613392973573,20.127669650580827,2.012766965058083
2.8765592643872337,27.65024405178043,0.00393629661890995,0.7562413064249796,0.07562413064249796
2.2126773249974923,23.0766546637903,0.057307623743954116,11.009940673688465,1.1009940673688465
3.5900229432557196,22.166223641840425,0.0003201926190467539,0.061515405971262364,0.006151540597126236
3.14255015487878,26.88901452452972,0.0016024000753563554,0.307853102477463,0.0307853102477463
2.932992670943228,29.097966227332336,0.0022327330509054797,0.42895267373996077,0.04289526737399608
4.386234835345793,22.950192087123952,2.9107864479253313e-05,0.005592202923754146,0.0005592202923754146
3.3649996251813694,25.68833805384319,0.0005775666120678714,0.11096209751047945,0.011096209751047945
2.043483912820687,22.898341138494914,0.11340508088521546,21.787384139667594,2.1787384139667596
2.7341670752150375,25.54285585726428,0.0061415572193010215,1.1799159729721123,0.11799159729721123
4.1200450670422155,26.218620306543407,6.0894643791435076e-05,0.011699078965210507,0.0011699078965210507
3.5662565444843493,26.103353887901797,0.0003145878239867962,0.060438612744343284,0.006043861274434329
4.088393448714699,26.23546369642746,7.028866628099266e-05,0.01350385856590431,0.001350385856590431
4.7955874107378955,21.35079792217524,1.2874140444365538e-05,0.0024733798621715073,0.00024733798621715073
2.0852261873276645,26.935404695867195,0.12571156314006823,24.15170551046991,2.415170551046991
3.234634566154074,26.747503563802233,0.0009573624532256144,0.18392847451370503,0.018392847451370504
3.6915543344754873,26.82588122216883,0.00022872046226507135,0.043941775210365505,0.004394177521036551
2.7912327730872066,20.740705527387064,0.004418442287051338,0.8488711321883031,0.08488711321883032
4.729247574658398,24.468388424141526,1.0772832239265136e-05,0.002069676529807618,0.0002069676529807618
3.8016848434140496,24.090351320457298,0.00016937827718792168,0.03254095461334351,0.003254095461334351
2.5307539972597954,20.86711483643199,0.012805835490694854,2.4602571144722956,0.24602571144722957
2.7317348841776083,22.223679278968106,0.006327940645951646,1.2157239569002303,0.12157239569002302
1.8592384442758805,24.40962631798037,0.21856584090106843,41.99086935391327,4.1990869353913265
2.745899813821126,27.429063098580823,0.005520533843913676,1.0606049620926954,0.10606049620926954
