pH,temperature_C,citric_percent_wv
5.564,30.02,0.07491
5.789,29.0,0.06043
5.239,27.01,0.10291
5.062,18.89,0.11719
5.565,31.59,0.07209
5.028,18.61,0.11859
5.564,22.56,0.07361
4.995,24.66,0.11253
5.303,29.65,0.09396
5.152,19.96,0.11113
5.643,27.87,0.07099
5.404,19.6,0.08513
5.398,26.89,0.0872
5.12,24.11,0.10863
5.631,18.82,0.07199
5.485,28.97,0.08089
5.615,18.32,0.07192
5.289,25.01,0.09449
5.287,22.22,0.09512
4.821,31.47,0.12101
5.144,28.9,0.10925
5.061,30.64,0.1083
5.146,20.47,0.1031
5.566,26.78,0.08109
4.877,18.58,0.13049
5.003,26.23,0.11594
5.371,26.27,0.08404
5.343,19.16,0.09954
5.711,24.63,0.06463
5.345,18.3,0.09434
4.897,19.52,0.11992
5.569,19.51,0.07656
4.782,23.19,0.12546
5.186,22.07,0.10538
5.767,18.63,0.06179
5.773,30.47,0.06469
5.156,27.26,0.1071
5.589,31.12,0.06925
5.649,20.51,0.07578
5.167,31.61,0.10238
4.839,19.85,0.13347
5.322,26.14,0.08658
5.499,19.83,0.07722
5.359,31.38,0.08813
4.806,26.88,0.1238
5.362,26.34,0.09339
5.29,18.25,0.09873
5.54,25.43,0.06888
5.257,27.13,0.09394
5.021,28.44,0.11417
4.833,20.05,0.13233
4.974,20.32,0.11958
4.899,18.78,0.12446
5.476,23.51,0.08609
5.666,18.61,0.06893
5.432,18.69,0.08455
4.849,19.39,0.13145
5.768,28.91,0.06042
4.922,25.2,0.12356
5.231,21.73,0.09937
5.328,23.15,0.09996
5.175,22.16,0.10468
5.376,25.5,0.09658
5.621,26.86,0.06911
5.047,30.05,0.11172
4.956,19.18,0.12052
5.748,26.31,0.06405
5.759,26.26,0.06091
5.435,24.52,0.08718
5.693,26.39,0.06987
4.969,27.21,0.12211
5.554,30.58,0.07865
5.195,20.21,0.10395
5.277,28.22,0.09152
5.645,23.27,0.07768
5.784,29.91,0.06108
5.415,18.17,0.09095
5.061,24.19,0.10803
5.556,31.96,0.07125
5.69,31.99,0.06585
4.886,18.41,0.12389
5.641,30.75,0.07327
4.805,26.48,0.12491
5.645,29.21,0.06702
5.589,18.56,0.07782
5.439,20.17,0.07934
5.13,31.72,0.10128
5.478,30.38,0.07574
4.857,31.72,0.1174
5.491,20.03,0.0874
5.466,27.09,0.08795
5.372,24.64,0.09586
5.149,23.99,0.10919
5.22,21.05,0.09237
4.798,24.64,0.13062
5.396,27.07,0.0859
5.66,24.04,0.07305
5.419,30.41,0.08905
5.338,22.4,0.08715
5.681,21.93,0.0717
5.072,18.21,0.10177
5.245,26.41,0.09515
5.865,28.81,0.05986
5.531,26.97,0.0768
5.4,20.32,0.09284
5.367,31.86,0.08369
5.29,28.57,0.09796
4.914,30.7,0.11661
5.1,26.21,0.09894
5.034,26.93,0.10912
5.604,23.13,0.0769
5.69,28.76,0.07439
5.695,29.9,0.06041
5.252,26.83,0.0951
4.996,30.98,0.11357
5.44,21.89,0.08244
5.842,24.69,0.06041
5.511,28.95,0.07233
5.521,25.74,0.07654
5.801,28.27,0.05517
5.588,31.8,0.07209
5.23,19.19,0.09745
5.769,18.52,0.06113
4.91,27.99,0.12115
5.604,18.69,0.0757
5.681,25.2,0.0666
5.225,27.4,0.09383
5.285,22.19,0.0975
5.095,20.63,0.11164
5.583,31.98,0.07531
4.959,31.97,0.11192
5.216,24.96,0.0981
4.872,18.25,0.12539
5.165,31.43,0.09985
5.11,21.29,0.10398
5.275,26.27,0.0886
5.098,20.18,0.11997
5.615,24.14,0.07461
5.497,20.59,0.0833
5.477,25.18,0.08003
5.737,18.58,0.05706
5.293,22.38,0.09384
5.265,27.77,0.09541
5.259,18.02,0.10332
4.758,24.85,0.12529
5.571,21.64,0.07753
5.291,21.2,0.09385
4.78,27.96,0.1248
4.948,18.13,0.12455
4.812,21.38,0.12647
5.676,29.95,0.07306
5.569,21.56,0.07374
5.519,23.06,0.08168
5.646,21.03,0.0751
4.875,22.85,0.12507
5.629,28.34,0.07954
5.439,20.01,0.08277
5.305,18.06,0.09181
5.43,30.56,0.08316
5.458,18.71,0.08102
5.432,18.25,0.08533
5.696,26.55,0.0639
5.568,25.94,0.07865
5.27,18.17,0.09736
5.224,30.46,0.09403
4.905,20.5,0.12449
5.242,30.3,0.09055
5.47,28.96,0.07899
5.69,29.17,0.06369
5.566,31.71,0.07347
5.711,22.47,0.07696
5.289,31.1,0.09343
5.226,19.84,0.1029
5.2,21.41,0.09999
5.673,20.83,0.06423
5.313,18.63,0.09186
5.418,19.55,0.08257
5.597,30.62,0.07529
5.72,19.93,0.06783
4.817,26.63,0.11977
5.066,29.93,0.10555
5.064,23.67,0.10719
4.997,19.69,0.11519
5.048,20.51,0.11198
5.109,29.92,0.11252
4.998,20.26,0.10962
5.602,24.87,0.07289
5.281,19.76,0.09858
5.776,25.76,0.05916
4.837,30.84,0.12728
5.323,25.45,0.09364
5.499,24.56,0.07238
5.147,22.79,0.10214
5.602,20.97,0.07655
5.479,31.91,0.07864
5.305,20.13,0.09484
5.696,28.17,0.06718
5.461,31.3,0.07731
5.532,18.56,0.07714
5.609,25.44,0.07344
5.831,28.34,0.06198
5.561,30.7,0.07753
5.16,24.16,0.10296
5.492,27.28,0.08036
4.99,30.05,0.10873
4.914,19.94,0.12393
5.742,25.59,0.0589
5.455,26.76,0.08595
5.22,18.33,0.09906
5.431,31.1,0.08338
5.42,26.85,0.08439
5.75,29.81,0.0653
5.602,24.73,0.07007
5.503,21.61,0.08375
5.018,30.05,0.10829
5.188,29.75,0.10092
4.899,31.98,0.11463
5.377,31.06,0.09815
4.953,21.79,0.12082
4.842,20.47,0.12242
5.383,27.14,0.08722
4.903,31.67,0.12284
5.291,27.41,0.0918
5.625,23.83,0.07292
5.584,30.5,0.07064
4.87,25.47,0.11911
4.736,28.84,0.12741
5.645,20.06,0.06572
5.359,19.3,0.08917
5.085,25.06,0.10939
5.125,20.92,0.10225
4.856,20.45,0.12845
5.807,27.15,0.06215
5.754,30.22,0.06183
5.487,28.29,0.07662
5.726,18.37,0.07106
5.33,23.86,0.09127
5.413,21.79,0.08869
5.378,18.93,0.08822
5.727,20.41,0.06712
5.313,18.83,0.09998
4.97,21.0,0.11302
5.282,19.89,0.0962
5.162,23.0,0.10284
5.012,31.02,0.10288
4.818,19.71,0.12731
5.663,31.95,0.06614
5.133,26.08,0.10534
5.739,24.91,0.05445
5.206,19.79,0.10195
4.944,26.25,0.12618
5.277,30.97,0.08777
5.201,25.95,0.10087
5.376,22.84,0.08737
5.011,23.45,0.11983
5.585,29.58,0.07529
5.57,31.24,0.07675
5.425,18.54,0.09232
4.846,29.93,0.11931
4.782,22.63,0.13072
5.418,20.25,0.08655
5.418,31.49,0.08355
5.441,23.24,0.0773
5.32,31.75,0.086
5.193,19.66,0.10496
5.135,30.24,0.10439
5.358,20.29,0.09297
5.471,24.46,0.08393
4.968,22.82,0.11664
5.262,31.64,0.09641
5.683,24.01,0.06927
5.341,31.42,0.08665
5.128,18.63,0.11024
4.94,29.69,0.11974
5.714,23.56,0.0643
5.812,20.65,0.06408
4.932,27.91,0.11649
5.602,19.78,0.07202
5.403,31.61,0.08876
5.295,23.06,0.09449
4.874,24.25,0.12216
4.827,20.88,0.13487
5.388,31.68,0.09022
4.936,20.73,0.12181
5.385,20.83,0.08798
5.736,22.87,0.06618
5.32,23.3,0.09497
5.048,27.14,0.11165
5.075,20.36,0.11297
4.833,25.27,0.12103
5.751,24.69,0.05839
5.495,26.93,0.08464
5.304,24.66,0.09163
5.473,23.99,0.08109
5.545,27.28,0.08428
5.226,29.37,0.09869
5.249,28.43,0.09227
5.379,30.53,0.08008
5.751,20.77,0.06505
5.715,27.91,0.06382
5.339,21.83,0.09104
5.354,18.98,0.08577
5.612,24.28,0.07364
5.21,24.54,0.10282
5.666,21.82,0.07605
5.053,21.3,0.10796
5.335,30.14,0.08451
5.7,29.08,0.06876
4.699,24.92,0.13044
5.352,19.52,0.0859
5.634,30.22,0.0669
5.238,26.49,0.09657
5.426,20.38,0.08348
5.746,29.68,0.05998
5.015,21.71,0.11631
5.471,21.29,0.07861
5.12,24.06,0.10932
5.604,29.69,0.06852
5.328,18.54,0.09151
5.61,23.53,0.06696
4.96,23.74,0.11131
5.455,31.76,0.08062
5.801,28.22,0.0636
5.258,20.6,0.09825
5.617,29.24,0.07188
5.083,31.21,0.10849
5.683,18.49,0.07273
5.661,30.84,0.07471
5.062,30.14,0.10583
5.593,28.93,0.07649
5.286,25.38,0.09014
5.566,19.65,0.07217
5.402,23.53,0.08813
5.092,27.49,0.10845
5.554,28.11,0.07177
5.183,24.64,0.10556
5.254,21.98,0.09609
5.793,22.22,0.0612
5.465,29.61,0.08123
5.528,24.94,0.07539
5.696,23.55,0.07111
5.579,30.13,0.07188
5.361,21.44,0.08416
5.749,26.9,0.05504
5.306,26.97,0.09426
5.548,26.1,0.07064
5.696,22.65,0.06826
4.821,19.0,0.13152
4.892,26.12,0.11908
5.7,25.31,0.06266
5.126,20.38,0.10175
5.014,29.79,0.11153
5.656,28.71,0.06612
5.503,22.13,0.07787
5.469,26.54,0.08311
5.501,27.56,0.07441
5.201,21.11,0.09604
5.047,25.64,0.11097
5.394,30.99,0.08387
5.504,19.01,0.08618
5.764,24.56,0.06814
5.03,19.33,0.11812
5.528,18.45,0.0748
5.735,26.77,0.06441
5.257,21.23,0.09991
5.629,31.98,0.06663
5.082,26.15,0.11145
5.365,30.04,0.08892
5.342,22.24,0.09184
5.783,29.18,0.06005
5.418,25.08,0.08779
5.548,22.63,0.07579
5.621,21.19,0.07012
4.818,20.48,0.13132
4.865,26.14,0.12373
4.902,24.23,0.11468
5.643,18.15,0.07317
5.406,20.84,0.08679
5.401,24.92,0.08625
5.131,18.64,0.10807
4.708,27.02,0.1243
5.66,19.44,0.07061
5.059,21.13,0.10741
4.941,30.96,0.11632
4.812,31.33,0.12541
5.796,31.59,0.06169
5.72,26.61,0.06672
4.897,19.05,0.1236
5.318,22.37,0.09142
5.235,21.07,0.10085
5.516,30.03,0.07432
5.033,30.97,0.1083
5.779,19.24,0.05991
4.933,28.55,0.12327
5.678,29.8,0.07065
5.468,30.39,0.07729
4.925,18.66,0.12149
5.317,25.31,0.09368
5.404,27.12,0.07675
5.092,23.52,0.10911
5.347,18.31,0.09113
5.209,28.96,0.09641
5.449,21.99,0.08584
5.831,18.59,0.0639
4.891,31.83,0.11475
5.692,24.72,0.07485
4.934,25.06,0.11752
5.744,31.6,0.06289
5.623,21.91,0.06147
5.431,20.61,0.09168
5.26,27.52,0.10065
5.127,22.88,0.11559
5.158,26.01,0.10218
5.208,24.92,0.1061
5.584,29.3,0.0724
5.504,31.9,0.08041
5.356,20.49,0.09335
5.734,18.55,0.06178
5.104,20.7,0.10984
5.136,19.26,0.1064
5.632,31.0,0.07252
5.165,28.71,0.10517
5.282,29.29,0.09623
4.944,28.78,0.11546
4.796,29.19,0.12934
4.895,23.8,0.12425
5.111,23.95,0.10943
5.742,22.59,0.06715
5.082,20.13,0.11816
5.297,21.59,0.10526
5.745,19.99,0.06393
5.695,21.69,0.07085
5.381,18.82,0.08547
4.854,21.62,0.12848
5.759,20.6,0.0659
5.525,20.19,0.07556
5.355,19.23,0.10196
5.734,22.97,0.06043
5.014,21.55,0.11783
4.798,22.75,0.12875
5.691,30.27,0.06132
5.227,22.16,0.09888
5.087,20.76,0.11096
5.194,25.47,0.09823
5.476,25.31,0.08328
4.82,27.78,0.12685
4.845,19.77,0.12517
5.501,26.81,0.07374
5.622,18.51,0.07171
5.693,23.88,0.06545
5.505,19.31,0.07943
5.001,31.61,0.10858
5.158,18.55,0.10336
4.818,31.28,0.1261
5.376,22.55,0.09301
5.464,31.93,0.07942
5.008,22.02,0.11874
5.328,18.46,0.08939
4.87,31.8,0.11638
5.34,26.13,0.08524
4.955,27.66,0.11974
5.35,20.38,0.09095
5.163,18.93,0.11727
4.863,18.79,0.12327
5.41,29.14,0.09147
5.806,29.63,0.06037
5.725,27.59,0.06526
5.192,24.47,0.10466
4.981,20.1,0.10543
4.971,29.87,0.11232
4.756,28.67,0.13571
5.617,26.29,0.07416
4.811,31.88,0.12504
4.949,26.35,0.1213
5.663,21.46,0.06784
5.226,27.55,0.09957
5.486,19.5,0.09304
4.88,19.73,0.12652
4.871,28.16,0.12221
5.47,29.59,0.08296
5.182,31.4,0.09671
5.279,31.97,0.0945
5.352,26.0,0.08596
5.452,27.2,0.08721
5.586,19.42,0.07508
5.672,19.27,0.0739
5.614,26.31,0.07333
5.198,28.13,0.09228
4.832,20.7,0.13446
5.428,19.48,0.09475
5.212,29.24,0.0947
4.823,30.37,0.12493
5.06,24.98,0.11194
5.794,21.88,0.06255
5.733,26.99,0.06626
4.836,21.26,0.11831
5.018,21.01,0.11233
5.206,30.77,0.09693
5.683,26.84,0.05927
5.518,31.41,0.07391
5.211,25.14,0.10008
5.174,31.58,0.09801
5.167,24.99,0.10612
5.163,18.35,0.11078
4.852,27.5,0.13081
5.435,18.58,0.09104
5.806,25.81,0.06011
5.324,27.75,0.09167
5.737,20.72,0.07081
5.146,24.32,0.10516
5.704,19.74,0.0652
4.9,31.2,0.1213
5.539,28.55,0.07736
5.388,27.32,0.07734
5.563,28.82,0.06862
5.067,29.52,0.11321
5.837,31.05,0.05809
5.334,22.04,0.09422
5.354,26.82,0.09076
5.361,29.52,0.0882
5.607,30.08,0.07587
5.578,27.3,0.07303
5.291,28.42,0.0926
5.157,19.48,0.09899
5.244,21.44,0.09698
5.746,26.05,0.06101
5.276,24.61,0.09233
5.289,28.44,0.08891
5.685,26.16,0.068
5.028,21.57,0.11269
5.22,31.82,0.1004
5.259,27.64,0.09926
5.602,24.56,0.07092
4.988,31.61,0.11012
5.649,25.04,0.0666
5.396,29.3,0.08209
4.916,28.99,0.11506
5.71,22.18,0.06925
5.119,20.54,0.11126
5.35,29.82,0.08753
5.169,20.89,0.10324
4.857,28.14,0.12193
5.687,30.18,0.06855
5.389,30.87,0.08899
4.902,24.23,0.12406
5.809,29.19,0.05937
5.543,27.08,0.07434
4.974,19.45,0.12236
5.041,27.62,0.11038
5.298,19.05,0.09802
5.652,26.77,0.0675
5.701,24.89,0.07125
4.842,22.6,0.12511
4.964,30.23,0.11114
4.735,21.96,0.13253
5.751,27.51,0.06657
5.767,24.51,0.05965
5.642,24.32,0.07834
5.513,27.1,0.07702
4.803,24.06,0.12379
5.045,21.26,0.1161
5.212,24.04,0.09892
5.561,27.25,0.07715
5.246,22.45,0.0959
4.954,25.8,0.11714
5.388,18.28,0.08081
5.085,25.41,0.10788
4.912,22.61,0.12622
4.822,19.52,0.1309
5.866,26.54,0.06823
5.821,26.72,0.06259
5.754,31.96,0.06257
5.8,30.92,0.05847
4.925,27.43,0.11985
5.122,18.48,0.11088
4.779,27.44,0.12547
5.492,23.11,0.0763
5.084,30.35,0.11268
5.111,21.42,0.10612
5.019,20.36,0.11547
5.187,31.41,0.10137
5.614,30.79,0.0707
4.956,21.47,0.11718
5.73,26.29,0.06173
5.13,26.03,0.107
5.493,31.03,0.07906
5.475,28.03,0.07978
5.184,26.49,0.11259
4.811,20.24,0.1237
5.684,25.69,0.07132
5.466,31.71,0.08206
5.329,28.44,0.08746
5.5,19.11,0.08667
5.717,27.77,0.06717
5.713,22.57,0.06284
5.281,22.4,0.09336
5.631,23.29,0.0698
5.015,31.8,0.10466
4.812,26.9,0.12853
5.611,28.49,0.06905
